91-1,פירוק והרכבה מכלל מנוע,כולל פירוק והרכבה תמסורת ו-,1200
91-2,פירוק והרכבה תושבת מנוע אחורית ,ממוקם בתוך בית גלגל התנופה והתמסורת,60
91-3,פירוק והרכבה תושבת מנוע קדמית,,60
91-4,פירוק והרכבה תושבת מאט חשמלי ,,60
91-5,פירוק והרכבה מכסה שסתומים/אטם,,60
91-6,כיוון מרווחי שסתומים,,120
91-7,פירוק והרכבה נדנד/ציר,,150
91-8,פירוק והרכבה ראש צילינדר ואטם,"פירוק והרכבה שסתום, מוביל שסתום. שמן נקי, חסימת ערות המים",450
91-9,פירוק והרכבה אגן שמן/אטם,,120
91-10,פירוק והרכבה שרוול הצילינדר/בוכנה/טבעת בוכנה/פין הבוכנה וטלטל בכלי רכב ,תוספת של צילינדר אחד 0.5 שעה,900
91-11,פירוק והרכבה מיסב טלטל ברכב,תוספת של צילינדר אחד 0.5 שעה,270
91-12,פירוק והרכבה מיסב גל ארכובה ,תוספת של צילינדר אחד 0.5 שעה,300
91-13,פירוק והרכבה משאבת שמן,,120
91-14,פירוק והרכבה קפיץ השסתום/מחזיר שמן,,180
91-15,פירוק והרכבה בלוק מנוע,כולל פירוק והרכבה מכלול מנוע,3600
91-16,פירוק והרכבה גל ארכובה,כולל פירוק והרכבה מכלול מנוע,3000
91-17,פירוק והרכבה מצנן המנוע,כולל פירוק והרכבה מנגנון מאוורר,240
91-18,פירוק והרכבה מצנן ביניים,,150
91-19,חריטה/תיקון מצנן,לא כולל פירוק והרכבה,60
91-20,פירוק והרכבה מיכל עיבוי ,,30
91-21,חריטה/החלפה מיכל עיבוי ,לא כולל פירוק והרכבה,60
91-22,"פירוק והרכבה גלגלת רצועה, גל הארכובה (בולם זעזועים)",,150
91-23,פירוק והרכבה מזגן אוויר/ גלגלת רצועת המאוורר של גל הארכובה,,30
91-24,פירוק והרכבה מחזיר שמן קדמי של גל הארכובה,,150
91-25,פירוק והרכבה שסתום,"של סך כל מספר השעות (כולל אטם שמן, טבעת התושבת, מוביל השסתום, קפיץ השסתום וכו')",120
91-26,פירוק והרכבה תושבת שסתום,כולל שסתום השחזה,90
91-27,פירוק והרכבה מוביל השסתום,כולל שסתום השחזה,90
91-28,פירוק והרכבה מצנן שמן,,120
91-29,פירוק והרכבה מצנן/צינור נוזל קירור למנוע,,30
91-30,פירוק והרכבה משאבת נוזל קירור,,60
91-31,פירוק והרכבה כנפי המאוורר/מצמד ויסקו,,60
91-32,פירוק והרכבה מיסב המאוורר,כולל פירוק והרכבה של האביזרים הרלוונטיים (מסוג גלגלת העברה),60
91-33,פירוק והרכבה רצועת משאבת נוזל קירור ,,60
91-34,פירוק והרכבה מכלל מותח רצועה ,,42
91-35,פירוק והרכבה מיסב מותח רצועה,כולל פירוק והרכבה חגורה וגלגלת העברה,90
91-36,"פירוק והרכבה מסנן (אוויר, דלק ושמן)",,60
91-37,פירוק והרכבה מכלל מסנן אוויר,,60
91-38,פירוק והרכבה מצת חימום קדם ,,30
91-39,פירוק והרכבה משאבת דלק (חשמלית),לא כולל פירוק והרכבה של מיכל דלק,108
91-40,פירוק והרכבה מיכל דלק,כולל מיכל דלק נקי,180
91-41,חריטה/החלפה מיכל דלק,לא כולל פירוק והרכבה של מיכל דלק,60
91-42,פירוק והרכבה חיישן מפלס דלק,,30
91-43,פירוק והרכבה שסתום שחרור אדים,,30
91-44,פירוק והרכבה מכסה גלגלי תזמון/ גלגל תזמון/רצועה ושרשרת,,300
91-45,פירוק והרכבה תרמוסטט,,30
91-46,פירוק והרכבה גלגל תנופה,,60
91-47,פירוק והרכבה מחזיר שמן אחורי של גל הארכובה,לא כולל פירוק והרכבה אביזר תמסורת / מצמד וכו',60
91-48,פירוק והרכבה סעפת יניקה/ פליטה / אטם,כולל פירוק והרכבה של האביזר הרלוונטי,180
91-49,פירוק והרכבה צינור פליטה ,,30
91-50,פירוק והרכבה דוד עמם,תחת אירו III,120
91-51,פירוק והרכבה בידוד טרמי מינור הפליטה ,,60
91-52,פירוק והרכבה צינור פליטה חלק קדמי ,,60
91-53,פירוק והרכבה צינור פליטה גמיש,כולל חיתוך והלחמת מחבר,60
91-54,פירוק והרכבה כבל דוושת מאיץ ,אוטובוס גדול כולל פירוק והרכבה לוח איטום פנימי של תא המטען,120
91-55,פירוק והרכבה צינור דלק/מחבר,,30
91-56,בדיקה/כוונון משאבת דלק לחץ גבוה,"כלי עבודה מיוחד, כולל פירוק והרכבה",450
91-57,פירוק והרכבה משאבת דלק לחץ גבוה,,180
91-58,פירוק והרכבה צינור דלק לחץ גבוה,,30
91-59,פירוק והרכבה שסתום סולנואידי לכיבוי,,30
91-60,פירוק והרכבה משאבה ידנית,,30
91-61,פירוק והרכבה מזרק דלק,,30
91-62,פירוק והרכבה מגדש טורבו,,120
91-63,כוונון תזמון הצתה והזרקה,,150
91-64,כוונון סיבובי סרק,,30
91-65,"פירוק והרכבה צינור מסילה משותפת, בקרת הזרקת דלק",,60
91-66,פירוק והרכבה ווסת לחץ מסילה משותפת למנוע בנזין,,24
91-67,ניקוי/כוונון/פירוק/הרכבה שסתום EGR,,60
91-68,פירוק והרכבה בקר מערכת SCR,,60
91-69,פירוק והרכבה מזרק אוריאה מערכת SCR,,30
91-70,פירוק והרכבה חיישן מערכת SCR,,30
91-71,פירוק והרכבה צינור אוריאה מערכת SCR ,,60
91-72,פירוק והרכבה מכלל שסתום בלם פליטה,,60
91-73,פירוק והרכבה צינור חימום אוריאה,,30
91-74,פירוק והרכבה מעבד מערכת טיהור גזי פליטה,,240
91-75,פירוק והרכבה יחידת בקרת מנוע,,60
91-76,פירוק והרכבה כל סוגי חיישני מנוע,גל ארכובה / מיקום גל זיזים / תכולת חמצן וכו',30
91-77,פירוק והרכבה ממיר קטליטי,,168
91-78,פירוק והרכבה בית/גוף המצערת (כולל מנוע סרק),,90
91-79,קריאה/איפוס קוד תקלת מנוע,להשתמש במפעיל תוכנה / אות,30
91-80,ביטול תקלת קו דלק במנוע בנזין EFI,כולל בחינה של לחץ דלק,48
91-81,ביטול תקלה במערכת דלק,,60
91-82,פירוק והרכבה אלטרנטור,כולל פירוק והרכבה,60
91-83,בדיקה/תיקון אלטרנטור,כולל פירוק והרכבה סלילי פחם / מיישר / מיסבים,120
91-84,פירוק והרכבה תושבת אלטרנטור,,90
91-85,פירוק והרכבה מתנע,,90
91-86,פירוק והרכבה מצמד מתנע,,60
91-87,פירוק והרכבה מתג מגנטי,,30
91-88,פירוק והרכבה ווסת האלטרנטור,,60
91-89,פירוק והרכבה מצת הצתה,,36
91-90,פירוק והרכבה מנגנון דוושת מאיץ (כבל),,18
91-91,פירוק והרכבה דוושת מאיץ אלקטרונית,,18
91-92,פירוק והרכבה מדחס אוויר (משאבת אוויר),,180
91-93,פירוק והרכבה מחבר מדחס האוויר,,18
91-94,פירוק והרכבה מכסה סעפת אוויר,לא כולל פירוק והרכבה,30
91-95,פירוק והרכבה מכסה גלגלי תזמון/אטם,,90
91-96,פירוק והרכבה בית גלגל התנופה,,90
91-97,פירוק והרכבה גלגלת האלטרנטור,,30
91-98,פירוק והרכבה חיישן NH3,,30
91-99,פירוק והרכבה חיישן NOX,,30
91-100,פירוק והרכבה מותח רצועה,,30
91-101,פירוק והרכבה ממסר המתנע,,30
91-102,פירוק והרכבה מיסבי טלטל (שני צדדים)/מזלף שמן לקירור בוכנה,,60
91-103,פירוק והרכבה אטם מגדש טורבו/סעפת פליטה ,,30
91-104,פירוק והרכבה צינור יניקת אוויר,,18
91-105,פירוק והרכבה תיבה זוויתית של מאוורר המנוע,,168
91-106,פירוק והרכבה מנוע הידראולי,כולל פירוק והרכבה של האביזרים הסובבים,300
91-107,פירוק והרכבה משאבה הידראולית,,120
91-108,פירוק והרכבה גל הינע מחבר,,30
91-109,פירוק והרכבה מזרק אוריאה,אוטובוס עירוני ישן ייוצר בשנת 2015. 2 מנועי FPT כל עוד המכסה לא נפתח,120
91-110,פירוק והרכבה חיישן לחץ טורבו,מנוע FPT,30
91-111,פירוק והרכבה מודול משאבת אוריאה,מנוע FPT,60
91-112,פירוק והרכבה מחוון מפלס אוריאה (אוטובוסים בין עירוניים) ,מנוע FPT,30
91-113,פירוק והרכבה מחוון מפלס אוריאה (אוטובוסים עירוניים),מנוע FPT,60
91-114,פירוק והרכבה חיישן לחץ דלק,מנוע FPT,60
91-115,"פירוק והרכבה חיישן טמפרטורת כניסה, גזי פליטה",מנוע FPT,30
91-116,פירוק והרכבה צינור מדחס ,,60
91-117,פירוק והרכבת מצנן שמן הידראולי,,90
91-118,פירוק והתקנה/תיקון חבק/תושבת צינור ,,30
91-119,פירוק והתקנה/תיקון צינורות גומי/מתכת שונים,,30
91-120,פירוק והכרבה מיכל שמן (עודפים),,6
91-121,פירוק והרכבה שסתום משאבת דלק,,30
91-122,פירוק והרכבה בלם מנוע (תריס),,60
91-123,פירוק ורכבה מזרק דלק (בודד),,120
91-124,פירוק והרכבה מזרק דלק (לכל מזרק נוסף),,6
91-125,פירוק והרכבה מרססי דלק (סט מלא),,180
91-126,פירוק והרכבה מיכל אוריאה,,60
91-127,פירוק והרכבה מכסה מיכל דלק ,,30
91-128,פירוק והרכבה ניטור רמות גז טבעי דחוס וגז טבעי נוזלי,,30
91-129,פירוק והרכבה פיית מילוי גז טבעי ונוזלי דחוס,,90
91-130,"פירוק והרכבה מערכת גז, שסתום פריקה/הגנה, שסתום חד כיווני, מסנן ראשוני ומסנן ראשי.",,30
91-131,פירוק והרכבה מערכת התראה לדליפת גז,,18
91-132,פירוק והרכבה צינור גז,,60
91-133,בדיקה/פירוק/הרכבה צינור גז/מחבר    ,,60
91-134,פירוק והרכבה מיכל גז CNG,,120
91-135,פירוק והרכבה מיכל LNG,יותר מ- 275 ליטר,120
91-136,פירוק והרכבה ממכלל מיכל אגירה של מאייד LNG,,60
91-137,"פירוק והרכבה שסתום בטיחות LNG, שסתום חיסכון, שסתום ניתוק ידני ושסתומים אחרים",,30
91-138,"פירוק והרכבה פלטת לחץ, דיסק מצמד",,90
91-139,פירוק והרכבה מזלג ציר מצמד/גל ציר מזלג/מיסב גלילים/ שרוול נחושת / מיסב מוביל,,30
91-140,פירוק והרכבה מיסב שחרור המצמד /תושבת / צינור גירוז,,30
91-141,פירוק והרכבה צינור הידראולי של המצמד / צינור אוויר של מגבר,כולל אוויר פליטה,60
91-142,פירוק והרכבה צילינדר משני של המצמד,כולל אוויר פליטה,60
91-143,פירוק והרכבה תפס הצילינדר המשני של המצמד,כולל פירוק והרכבה צילינדר משני,60
91-144,פירוק והרכבה צילינדר ראשי של המצמד,כולל אוויר פליטה,60
91-145,כוונון חופש התנועה של המצמד,צילינדר ראשי / משני,30
91-146,פירוק והרכבה מיכל השמן של המצמד,כולל אוויר פליטה,30
91-147,"פירוק והרכבה מכלל תה""ל ידנית (ללא מאט)",ל פירוק והרכבה גל הינע / צילינדר מצמד משני / מנגנון הפעלת תמסורת / אביזרים אחרים,720
91-148,"פירוק והרכבה כל סוגי החיישנים והמתגים על תה""ל",,18
91-149,"פירוק והרכבה מכלל תה""ל ידנית (ללא מאט)",,840
91-150,"פירוק והרכבה מכלל תה""ל אוטומטית (עם מאט)","כולל פירוק והרכבה גל הינע / מעגל חשמלי, גז, שמן, קו צנרת מים",240
91-151,"פירוק והרכבה בית תה""ל",לא כולל פירוק והרכבה תמסורת,300
91-152,"פירוק והרכבה מכסה עליון תה""ל ",או כיסוי מזלג,120
91-153,"פירוק והרכבה מכסה אחורי תה""ל (ללא מאט)",,120
91-154,"פירוק והרכבה מזלג ציר תה""ל וגל ציר המזלג",כולל פירוק והרכבה כיסוי תמסורת עליון / מנגנון נעילה עצמית / נעילה משולבת,90
91-155,"פירוק והרכבה גל כניסת תה""ל ומיסב הגל",כולל פירוק והרכבה בית המצמד / כיסוי מיסב תמסורת קדמי,60
91-156,"פירוק והרכבה גלי יציאת תה""ל/יחידת סינכרון/גלגל שיניים/מיסבי מחטים/מיסבים אחוריים",/ כיסוי תמסורת עליון / כיסוי אחורי / גל כניסה פירוק והרכבה גל יציאה מכלול debug,360
91-157,"פירוק והרכבה הגל הנגדי של תה""ל",/ כיסוי מיסב קדמי ואחורי / גל כניסה / גל יציאה / הילוך אחורי / מכלול debug מיסב,420
91-158,"פירוק והרכבה הילוך אחורי, גל ומיסב",,90
91-159,"פירוק והרכבה מחזיר שמן קדמי ואחורי לתה""ל",לא כולל פירוק והרכבה אביזר,30
91-160,"בדיקה/החלפה של יחידת בקרה תה""ל",,60
91-161,פירוק והרכבה ציר/כבל הילוכים,כולל פירוק והרכבה פנל אטום של תא המטען,180
91-162,כוונון התכנסות גלגלים,,30
91-163,פירוק והרכבה קורת I,כולל פירוק והרכבה גלגל / תוף בלם / מוט קישור / מפרק היגוי ואביזרים אחרים,120
91-164,פירוק והרכבה מכלול הסרן הקדמי,"כולל פירוק והרכבה אביזרים קשורים, מתלה אוויר תוספת של 1 שעה",300
91-165,בדיקה/החלפה/כוונון סרנים -רכב שני סרנים,,60
91-166,בדיקה/החלפה/כוונון סרנים -רכב שלושה סרנים,,90
91-167,פירוק והרכבה יד סרן/יתד ראשי/מיסב לחץ,פירוק והרכבה גלגל / קליפר בלם / טבור גלגל / פין ראשי / מוט היגוי ואביזרים אחרים,180
91-168,פירוק והרכבה מיסבים פנימיים וחיצוניים של נאבה הגלגל הקדמי/ מחזירי שמן,כולל פירוק והרכבה גלגל / תוף בלם / טבור גלגל / אטם שמן,180
91-169,פירוק והרכבה תוף/בלם טבור קדמי,כולל פירוק והרכבה גלגל / אביזרים אחרים,120
91-170,פירוק והרכבה צלחת/קאליפר לבלם קדמי/אחורי,כולל פירוק והרכבה גלגל / קליפר בלם / נעל בלם,90
91-171,פירוק והרכבה סנדל הבלם (תוף),"כולל סמרור רפידות בלם, לא כולל פירוק והרכבה תוף בלם",60
91-172,פירוק והרכבה מיסבים פנימיים וחיצוניים נאבה הגלגל האחורי/מחזיר שמן,כולל פירוק והרכבה גלג / תוף בלם / טבור גלגל / גל הסרן,180
91-173,פירוק והרכבה תוף/טבור בלם קדמי,כולל פירוק והרכבה גלגל / אביזרים אחרים,150
91-174,פירוק והרכבה צילינדר משני של בלם אחורי,אוטובוס מידי (בינוני) בלם הידראולי 3H,30
91-175,חריטה תוף/צלחת הבלם,,60
91-176,השחזה/ליטוש נעלי בלם (רפידות),,30
91-177,פירוק והרכבה זרוע לכיוון הבלם (בלם פניאומטי),,18
91-178,בדיקה/כוונון מרווח בלם,,30
91-179,פירוק והרכבה פלאנג'/מחזיר שמן לנושא הדיפרנציאל,כולל פירוק והרכבה גל הינע / אום האוגן,60
91-180,בדיקה/תיקון נזילות שמן בין נושא הדיפרנציאל לבית הסרן,לא כולל פירוק והרכבה מפחת,60
91-181,פירוק והרכבה קורונה/פיניון/ בית נושא דיפרנציאל/מיסבים,לא כולל פירוק והרכבה מפחת,240
91-182,כיוון מרווח וסימון לקורונה/פיניון,לא כולל פירוק והרכבה מפחת,60
91-183,פירוק והרכבה יחידה פלנאטרית/גלגלי צד/צלב/בית הדיפרנציאל,כולל פירוק והרכבה מפחת / הינע / ההילוך בו נוסעים,480
91-184,פירוק והרכבה מכלל נושא הדיפרנציאל,כולל פירוק והרכבה גל הינע / גל הסרן / אביזרים אחרים,240
91-185,פירוק והרכבה ציריה לסרן אחורי ,כולל פירוק והרכבה אביזרים קשורים,30
91-186,פירוק והרכבה מחזיר שמן לציריה (פנימי),כולל פירוק והרכבה אביזרים קשורים,18
91-187,פירוק והרכבה אטם השמן של גל הסרן (חיצוני),כולל פירוק והרכבה אביזרים קשורים,18
91-188,פירוק והרכבה מכלול הסרן האחורי (מתלה קפיץ עלים),כולל פירוק והרכבה אביזרים קשורים,420
91-189,פירוק והרכבה מכלול הסרן האחורי (מתלה קפיץ אוויר),,480
91-190,פירוק והרכבה בית הסרן (מתלה קפיצי עלים),כולל פירוק והרכבה מכלול סרן אחורי (קפיץ לוחיות),900
91-191,פירוק והרכבה בית הסרן (מתלה כריות אוויר),כולל פירוק והרכבה מכלול סרן אחורי (קפיץ אוויר),960
91-192,פירוק והרכבה גלגל,,30
91-193,פירוק והרכבה צמיג פנימי/חיצוני וחישוק,כולל פירוק והרכבה גלגל,60
91-194,פירוק והרכבה גל הינע,,60
91-195,פירוק והרכבה צלב/פלאנג' לגל הינע,לא כולל גל הינע,60
91-196,בדיקת צמיגים ואיזון דינמי,לא כולל התקנה של משקל נגדי,30
91-197,פירוק והרכבה תושבת סרן מניע,,30
91-198,פירוק והרכבה מכסה טבור גלגל,כולל מילוי שמן,30
91-199,פירוק והרכבה חיישן עובי רפד ,,30
91-200,פירוק והרכבה משאבת הגה כוח,,90
91-201,פירוק והרכבה מכלל תיבת ההגה,כולל פירוק והרכבה צינור קשור / נוזל הידראולי,150
91-202,פירוק והרכבה בסיס הצופר של גלגל ההגה,כולל פירוק והרכבה גלגל הגה,48
91-203,פירוק והרכבה תושבת תיבת ההגה,כולל פירוק והרכבה מכלול תמסורת הגה,210
91-204,בדיקה/ תיקון נזילת שמן/תקלת תיבת ההגה,כולל פירוק והרכבה / תיקון תמסורת הגה,150
91-205,פירוק והרכבה לצורך יישור גלגל ההגה,,30
91-206,כיוון חופש של תיבת ההגה,,30
91-207,פירוק והרכבה מיכל שמן משאבת הגה,,30
91-208,פירוק והרכבה זרוע פיטמן/זרוע מקשר/מוט דחיף,,60
91-209,פירוק והרכבה מוט ההגה / תומך / גל מוצלב,,90
91-210,פירוק והרכבה מפרק כדורי תחתון/עליון למתלה ,מתלה עצמאי,30
91-211,פירוק והרכבה מוט מייצב קדמי/אחורי ומוט רדיוס,,60
91-212,פירוק והרכבה תותבים למוט מייצב,לא כולל פירוק והרכבה מוט מייצב,30
91-213,פירוק והרכבה מוט מקשר למפרק כדורי,רק פירוק והרכבה של מפרק כדורי 0.5 שעות / מחשב כולל כיוון toe - in,60
91-214,פירוק והרכבה מכלל מוט דחיף,,60
91-215,פירוק והרכבה תפוח (מוט דחיף),,30
91-216,"פירוק והרכבה צילינדר בלם ראשי (בלם אוויר, רצפתי)",,90
91-217,פירוק והרכבה צילינדר בלם ראשי (בלם הידראולי),,120
91-218,פירוק והרכבה שסתום שחרור מהיר / שסתום ממסר /שסתום ארבעה מעגלים/ שסתום בלם יד/מייבש אוויר/מיכל אוויר/,,30
91-219,פירוק והרכבה שסתום ניקוז מיכל אוויר,,18
91-220,פירוק והרכבה צינור בלם / צינור אוויר,כולל אוויר פליטה,18
91-221,פירוק והרכבה משאבת וואקום,לא כולל פירוק והרכבה לוח שעונים,72
91-222,פירוק והרכבה מכלל כבל בלם חניה,,6
91-223,פירוק והרכבה שסתום סולנואידי בלם פליטה,,30
91-224,פירוק והרכבה צילינדר בקרה של שסתום בלם פליטה,,30
91-225,פירוק והרכבה חיישן ABS קדמי,כולל בחינה / תיקון כבל,30
91-226,פירוק והרכבה חיישן ABS אחורי,אם כולל פירוק והרכבה של טבור גלגל וכו' אז 2.7 שעות,30
91-227,פירוק והרכבה בקר ABS (ECU),,30
91-228,פירוק והרכבה שסתום בקרה אלקטרומגנטי של ה- ABS,כולל בחינה / תיקון כבל,30
91-229,פירוק והרכבה מנגנון דוושת (מצמד) בלם,לא כולל פירוק והרכבה לוח שעונים,90
91-230,פירוק והרכבה מיכל נוזל בלמים,,30
91-231,פירוק והרכבה כל סוגי חיישני לחץ אוויר,,30
91-232,פירוק והרכבה מודולטור הסרן,,90
91-233,"פירוק והרכבה טבעת תה""ל ה- ABS",אם כולל פירוק והרכבה של טבור גלגל וכו' אז 2.8 שעות,18
91-234,פירוק והרכבה טבעת ABS קדמית,,90
91-235,פירוק והרכבה שסתום פרופורציונלי ,,60
91-236,פירוק והרכבה מכלל מאט חשמלי ,כולל פירוק והרכבה גל הינע / כיוון פער השטף המגנטי,300
91-237,פירוק והרכבה מכלל מאט הידראולי,כולל פירוק והרכבה גל הינע,360
91-238,בדיקה/תיקון תקלה במערכת מאט חשמלי,,90
91-239,כיוון חופש מייאד,אך ורק כיוון של פער השטף המגנטי,60
91-240,פירוק והרכבה סליל הסטטור ,,120
91-241,פירוק והרכבה ממסר בקרה למאט,,30
91-242,פירוק והרכבה יחידת בקרה למאט (ECU),לא כולל בחינה,30
91-243,פירוק והרכבה ידית בקרה,,30
91-244,פירוק והרכבה חיישן לחץ דוושת הפעלה,,30
91-245,פירוק והרכבה מכלל קפיצי עלים (קדמי),כולל פירוק והרכבה בורג U / פין קפיץ לוחיות / בולם זעזועים,180
91-246,פירוק והרכבה מכלל קפיצי עלים (אחורי),כולל פירוק והרכבה בורג U / פין קפיץ לוחיות / בולם זעזועים,210
91-247,פירוק והרכבה מתלה קפיצי עלים קדמי (עלה בודד)/בורג מרכזי,כולל פירוק והרכבה מכלול קפיץ לוחיות,210
91-248,פירוק והרכבה מתלה קפיצי עלים אחורי (עלה בודד) / בורג מרכזי,כולל פירוק והרכבה מכלול קפיץ לוחיות,240
91-249,פירוק והרכבה פין קפיצי עלים/תותב/זרוע נדנד,לא כולל פירוק והרכבה של האביזרים הקשורים,30
91-250,פירוק והרכבה בורג U לקפיץ עלים,,30
91-251,פירוק והרכבה מוט פיתול מתלה קדמי (עצמאי),כולל פירוק והרכבה של האביזרים הקשורים / כיוון גובה,84
91-252,פירוק והרכבה מוט מייצב מתלה קדמי/תותב,,84
91-253,פירוק והרכבה תומך קדמי של מוט פיתול המתלה הקדמי,כולל פירוק והרכבה של האביזרים הקשורים / כיוון גובה,84
91-254,פירוק והרכבה קפיץ ספיראלי וזרוע נדנד של המתלה הקדמי,כולל פירוק והרכבה של האביזרים הקשורים,84
91-255,פירוק והרכבה בולם זעזועים,,30
91-256,פירוק והרכבה תושבת בולם זעזועים (עליונה/תחתונה),כולל פירוק והרכבה בולם זעזועים,90
91-257,פירוק והרכבה שסתום גובה כרית אוויר,כולל כיוון גובה קפיץ האוויר,60
91-258,פירוק והרכבה כרית אוויר מתלה קדמי,כולל פירוק והרכבה של האביזרים הקשורים / כיוון גובה קפיץ האוויר,60
91-259,פירוק והרכבה כרית אוויר מתלה אחורי,כולל פירוק והרכבה של האביזרים הקשורים / כיוון גובה קפיץ האוויר,60
91-260,כיוון מערכת כריות אוויר (ECAS),"כיול מערכת ECAS באמצעות תוכנה, כולל את חלקי המתלים",60
91-261,פירוק והרכבה קורת איזון/קורת C,כולל פירוק והרכבה גלגל / בולם זעזועים וכו',480
91-262,חילוץ ברגים שבורים,בורג מוט דחף,120
91-263,פירוק והרכבה בורג חיבור סרן וקורת C,,30
91-264,פירוק והרכבה כל סוגי מוטות קישור (מתלה אוויר),,60
91-265,פירוק והרכבת סרן אחורי לצורך גישה ,,30
91-266,פירוק והרכבה פנס ראשי קדמי (מהסוג האינטגרלי),כולל כיוון האור / בדיקה ותיקון כבל,30
91-267,פירוק והרכבה פנס ראשי אחורי (מהסוג האינטגרלי),כולל בדיקה / תיקון כבל,30
91-268,פירוק והרכבה כל סוגי הפנסים (בודדים),כולל בדיקה / תיקון כבל,18
91-269,פירוק והרכבה לצורך תיקון מתג אורות ראשי,כולל פירוק והרכבה אביזרים קשורים / בדיקה ותיקון כבל,30
91-270,פירוק והרכבה מקרר,"מותקן בתוך לוח השעונים, כולל פירוק והרכבה לוח שעונים - סך הכל 8 שעות",90
91-271,פירוק והרכבה מכלל שולחן הנהג,,360
91-272,פירוק והרכבהתת מכללים לשולחן הנהג,,120
91-273,פירוק והרכבה מכלל לוח שעונים,לוח שעונים אינטגרלי 2 שעות,30
91-274,פירוק והרכבה צג לוח שעונים,כולל בדיקה / תיקון כבל,30
91-275,פירוק והרכבה מצלמה/מסך,כולל בדיקה / תיקון כבל,30
91-276,פירוק והרכבה שסתום סולנואידי פתיחה/סגירה דלת,כולל בדיקה / תיקון כבל,30
91-277,פירוק והרכבה התקן למניעת גניבה,כולל בדיקה / תיקון כבל,30
91-278,פירוק והרכבה תיבת בקרה התקן התנעה בתא אחורי,כולל בדיקה / תיקון כבל,30
91-279,פירוק והרכבה מתג למניעת התנעה בתא האחורי,כולל בדיקה / תיקון כבל,30
91-280,פירוק והרכבה כל הסוגים של מודול CAN,כולל בדיקה / תיקון כבל,30
91-281,פירוק והרכבה טכוגרף,כולל בדיקה / תיקון כבל,18
91-282,פירוק והרכבה מכלל צופר,כולל בדיקה / תיקון כבל,30
91-283,פירוק והרכבה כפתור צופר,כולל בדיקה / תיקון כבל,30
91-284,פירוק והרכבה מוט הפעלה מערכת מגבים,,60
91-285,פירוק והרכבה מנוע מגב,כולל בדיקה / תיקון כבל,90
91-286,בדיקה/תיקון צינור מתזי ניקוי שמשות/מתז/מיכל,,30
91-287,פירוק והרכבה זרוע מגב,,18
91-288,פירוק והרכבה תיבת בקרה חשמלית,כולל בדיקה / תיקון כבל,60
91-289,פירוק והרכבה ממסר מצב מופעל / ממסר התנעה,כולל בדיקה / תיקון כבל,30
91-290,"פירוק והרכבה ממסר, נתיך / כל סוגי המחברים",כולל בדיקה / תיקון נתיך / כבל,12
91-291,פירוק והרכבה מתג ,כולל בדיקה / תיקון כבל,12
91-292,פירוק והרכבה מכלל מצבר,"כולל בדיקת מתח / זרם / קיבולת אלקטרוליטים, בדיקה / תיקון כבל",30
91-293,פירוק והרכבה מתג הצתה,כולל בדיקה / תיקון כבל,30
91-294,פירוק והרכבה כל סוגי הנגנים,כולל בדיקה / תיקון כבל,18
91-295,פירוק והרכבה טלוויזיה צבעונית,כולל בדיקה / תיקון כבל,30
91-296,פירוק והרכבה רמקול,כולל בדיקה / תיקון כבל,30
91-297,"פירוק והרכבה מפ""ז",כולל בדיקה / תיקון כבל,30
91-298,פירוק והרכבה שעון אלקטרוני,כולל בדיקה / תיקון כבל,18
91-299,"פירוק והרכבה מערכת סיכוך מרכזית / החלפת החלקים הרלוונטיים
",,30
91-300,פירוק והרכבה מדחס מקרר / בקר / וואקום,כולל בדיקה / תיקון כבל,60
91-301,פירוק והרכבה זמזם נסיעה לאחור,כולל בדיקה / תיקון כבל,12
91-302,פירוק והרכבה חיישן מפלס נוזל,כולל בדיקה / תיקון כבל,18
91-303,USB פירוק והרכבה,כולל בדיקה / תיקון כבל,12
91-304,פירוק והרכבה כפתור עצירה,כולל בדיקה / תיקון כבל,18
91-305,פירוק והרכבה מגבר,כולל בדיקה / תיקון כבל,30
91-306,פירוק והרכבה חיישן/ מתג תא מטען ,,30
91-307,פירוק והרכבת חיישן זוית הגה,,90
91-308,בדיקה/ תיקון כבל חשמל לקצר/ נתק,,60
91-309,פירוק והרכבה מתג מאוורר ,,12
91-310,פירוק והרכבה מתג כוח ראשי,,18
91-311,פירוק והרכבה מנוע ,כולל פירוק והרכבה של כל סוגי האביזרים,1140
91-312,"פירוק והרכבה תה""ל הילוך ראשון / הילוך שני",לא כולל פירוק והרכבה מנוע ההינע,90
91-313,פירוק והרכבה משכך ,לא כולל פירוק והרכבה מנוע ההינע,30
91-314,פירוק והרכבה אלטרנטור ISG,לא כולל פירוק והרכבה מנוע ההינע,90
91-315,פריקת רכיבים למערכת מתח גבוה,,90
91-316,פירוק והרכבה קבל על,כולל פירוק והרכבה כבל,450
91-317,פירוק והרכבה תיבת מצבר ,הוספת תיבה אחת תוספת של 1 שעה,150
91-318,פירוק והרכבה תא מצבר מצב יחיד/קבוצה,"כולל מדידה / תיקון, ללא פירוק והרכבה מכלול מצבר",60
91-319,פירוק והרכבה צילינדר שחרור מצמד,כולל פירוק והרכבה של האביזרים הקשורים,90
91-320,פירוק והרכבה חיישן מיקום,כולל בדיקה / תיקון כבל,60
91-321,פירוק והרכבה בקר כוח היברידי / בקר קדם טעינה,,90
91-322,פירוק והרכבה רכיבים פנימיים של הבקר ההיברידי,"לוח בקר ראשי / קבל סרט (קבוצה) וכו', כןלל בדיקה / תיקון מעגל",60
91-323,פירוק והרכבה בקר מנוע הנעה/ בקר האלטרנטור,כולל בדיקה / תיקון כבל פירוק והרכבה אביזרים,90
91-324,פירוק והרכבה מצנן נוזל קירור מנוע,כולל אוויר פליטה,150
91-325,פירוק והרכבהמשאבת אוויר חשמלית/ שסתום סולנואידי מצמד/ מסנן ווסת לחץ,,60
91-326,פירוק והרכבה לוח בקרת מערכת (הילוכים),כולל בדיקה / תיקון כבל,60
91-327,פירוק והרכבה בקר רכב/עזר,כולל בדיקה / תיקון כבל,30
91-328,פירוק והרכבה בקר/ממיר DC - DC ,כולל בדיקה / תיקון כבל,90
91-329,פירוק והרכבה בקר משאבת הגה כוח חשמלי,כולל בדיקה / תיקון כבל,90
91-330,פירוק והרכבה מנוע משאבת הגה כוח חשמלי,כולל פירוק והרכבה כבל / צינור וכו' אביזרים,150
91-331,פירוק והרכבה משאבת סחרור חשמלית למערכת קירור,כולל אוויר פליטה,90
91-332,פירוק והרכבה מיסב התומך הפנימי של מנוע ראשי,לא כולל פירוק והרכבה מנוע,300
91-333,פירוק והרכבה מכלל מצמד אלקטרומגנטי של האלטרנטור קבוע מופעל שדה מגנטי/ בסיס סליל המצמד/ גלגלת החגורה,כולל כיוון מרווח,210
91-334,פירוק והרכבה מיסב תומך פנימי BSG   ,לא כולל פירוק והרכבה מנוע / פירוק והרכבה מצמד,180
91-335,פירוק והרכבה אלטרנטור ה- BSG (מונע חגורה),כולל כיוון / מתיחת חגורת הינע,300
91-336,פירוק והרכבה משאבת בלם ראשית (יחידת בקרה התקן התאוששות),כולל פירוק והרכבה צינור בלם,120
91-337,פירוק והרכבה כבל מתח גבוה,,60
91-338,פירוק והרכבה מארז סוללות עילי,"מתחת ל- 100 ק""ג לאריזה / קופסה",180
91-339,פירוק והרכבה מארז סוללות עילי,"בין 100 ל- 250 ק""ג לאריזה / קופסה",210
91-340,פירוק והרכבה מארז סוללות אחורי,"מתחת ל- 100 ק""ג לאריזה / קופסה",120
91-341,פירוק והרכבה מארז סוללות אחורי,"בין 100 ל- 250 ק""ג לאריזה / קופסה",150
91-342,פירוק והרכבה מארז סוללות ,"יותר מ- 250 ק""ג לאריזה / קופסה",240
91-343,פירוק והרכבה תא מצבר מצב יחיד/קבוצה,"כולל בדיקה / תיקון, לא כולל פירוק והרכבה מכלול מצבר",60
91-344,פירוק והרכבה תיבת בקרת מתח גבוה/ חלוקת מתח,כולל בחינה / בדיקה / תיקון כבל,90
91-345,פירוק והרכבה בקר רכב,כולל בחינה / בדיקה / תיקון כבל,60
91-346,פירוק והרכבה מכלל מנוע ראשי,כולל פירוק והרכבה אביזרי מנוע / בחינה / בדיקה / תיקון כבל,360
91-347,פירוק והרכבה בקר מנוע ראשי,כולל בחינה / בדיקה / תיקון כבל / אוויר פליטה,150
91-348,פירוק והרכבה בקר/ממיר  DC - DC,כולל בחינה / בדיקה / תיקון כבל,90
91-349,פירוק והרכבה בקר מדחס אוויר חשמלי,כולל בחינה / בדיקה / תיקון כבל,90
91-350,פירוק והרכבה מנוע אוויר חשמלי,כולל פירוק והרכבה כבל / צינור אוויר וכו',150
91-351,פירוק והרכבה בקר משאבת הגה כוח חשמלי,כולל בחינה / בדיקה / תיקון כבל,90
91-352,פירוק והרכבה מנוע משאבת הגה כוח חשמלי,כולל פירוק והרכבה כבל / צינור דלק וכו',90
91-353,פירוק והרכבה לוח בקרת מערכת (הילוכים),כולל בחינה / בדיקה / תיקון כבל,30
91-354,פירוק והרכבה שלושה (ארבעה) בבקר אחד,כולל בחינה / בדיקה / תיקון כבל / אוויר פליטה וכו',180
91-355,פירוק והרכבה  גלאי עשן,כולל בחינה / בדיקה / תיקון כבל,12
91-356,פירוק והרכבה משאבת בלם ראשית (יחידת בקרה התקן התאוששות),כולל פירוק והרכבה צינור בלם,120
91-357,פירוק והרכבה מצנן קירור,כולל אוויר פליטה,60
91-358,פירוק והרכבה מאוורר מצנן קירור,,60
91-359,פירוק והרכבה משאבת נוזל קירור,כולל אוויר פליטה,30
91-360,פירוק והרכבה כבל מתח גבוה,,60
91-361,פירוק והרכבה חיבור טעינה,,30
91-362,פירוק והרכבה מכלל מדחס,לא כולל וואקום / הוספת גז קירור,90
91-363,פירוק והרכבה מצמד מדחס,לא כולל פירוק והרכבת מדחס,30
91-364,פירוק והרכבה מעבה,,180
91-365,פירוק והרכבה מאוורר המעבה,פירוק והרכבת מכסה תוספת של 0.5 שעות,30
91-366,פירוק והרכבה מאוורר המאדה,פירוק והרכבת מכסה תוספת של 0.5 שעות,30
91-367,פירוק והרכבה מאוורר המאדה (קדמי),,72
91-368,פירוק והרכבה מאוורר המאדה (אחורי),,72
91-369,פירוק והרכבה צינור לחץ גבוה ולחץ נמוך,צינור גמיש,30
91-370,פירוק והרכבה יציאת אוויר,,6
91-371,פירוק והרכבה לוח בקרה,,18
91-372,פירוק והרכבה מייבש,,30
91-373,פירוק והרכבה שסתום התפשטות,לא כולל פירוק והרכבה אביזרים,30
91-374,פירוק והרכבה מאדה,כולל פירוק והרכבה אביזרים,180
91-375,בדיקה/ תיקון איטום/נזילה מהמזגן לגג,לא כולל פירוק והרכבה אביזרים,60
91-376,בדיקה/תיקון טפטוף מים מצנרת מיזוג האוויר ללא זפת,לא כולל פירוק והרכבה אביזרים,30
91-377,בדיקה/תיקון צינור/מתג חימום,,30
91-378,פירוק והרכבה מיכל המים של המחמם,,60
91-379,פירוק והרכבה מפשיר אדים,כולל פירוק והרכבה מכשירים / אביזרים,120
91-380,פירוק והרכבה מיכל המים של מפשיר האדים,כולל פירוק והרכבה מכשירים / אביזרים,60
91-381,פירוק והרכבה מכלל מערכת חימום (דוד חימום),כולל פירוק והרכבה צינור דלק / אוויר פליטה,120
91-382,"פירוק והרכבה תיבת בקרת חימום, משאבת סחרור ומצת הצתה",,30
91-383,פירוק והרכבה משאבת סחרור למערכת חימום/ שסתום סולנואידי,,30
91-384,פירוק והרכבה שסתום הגברת זרימה,,30
91-385,פירוק והרכבה בקר לוגי/שנאי תדרים,,120
91-386,פירוק והרכבה מערכת חימום,,90
91-387,פירוק והרכבה זכוכית השמשה הקדמית,מיניבוס 2 שעות,360
91-388,פירוק והרכבה זכוכית השמשה האחורית,,240
91-389,פירוק והרכבה שמשת דלת הנהג,,60
91-390,פירוק והרכבה שמשת דלת הנוסעים/זכוכית קבועה חלון הנהג (עליונה/תחתונה),,60
91-391,פירוק והרכבה חלון צד,,90
91-392,פירוק והרכבה מכלל חלון נהג,,60
91-393,פירוק והרכבה מכלל חלון הזזה,,90
91-394,פירוק והרכבה מושב נוסע,כולל מושב נוסעים בודד / כפול / מספר נוסעים,48
91-395,פירוק והרכבה מושב נהג,,30
91-396,כיוון דלת תא המטען,,6
91-397,פירוק והרכבה שסתום חירום,,18
91-398,פירוק והרכבה דלת תא המטען,ל מנעול / תאורה / תמוכת גז ואביזרים אחרים. פירוק והרכבה משאבת דלתתוספת של 2 שעות,60
91-399,פירוק והרכבה דלת תא המטען,"מסוג ציר גומי, כולל מנעול / תאורה / תמוכת גז ואביזרים אחרים",120
91-400,כיוון כל סוגי דלת תא מטען,,30
91-401,פירוק והרכבה צילינדר הפעלה לדלת (פתיחה כלפי חוץ),כולל פירוק והרכבה / כיוון דלת.,90
91-402,פירוק והרכבה ציר דלת עליון,,30
91-403,פירוק והרכבה צילינדר הפעלה לדלת (פתיחה כלפי פנים),כולל פירוק והרכבה / כיוון דלת.,48
91-404,פירוק והרכבה אטם דלת,,60
91-405,פירוק והרכבה מנגנון נעילת דלת/ליבת המנעול/ידית פנימית וחיצונית בדלת/ידית דלת התא,,30
91-406,פירוק והרכבה מעצור דלת תא,,18
91-407,פירוק והרכבה הטיית המושב/בולם גז/משענת יד,,30
91-408,פירוק והרכבה פגוש קדמי,,60
91-409,פירוק והרכבה פגוש אחורי,,60
91-410,תיקון צבע,"מרכב RMB 260 למ""ר. פחות מ- 0.5 מ""ר כפי שב- RMB 150",24
91-411,פירוק והרכבה מוצרי פיברגלס/פלסטיק ,"RMB 2 למ""ר, להגדיל או להקטין בהתבסס על המצב האקטואלי. פחות מ- 0.5 מ""ר ל- RMB 100",30
91-412,פירוק והרכבה פטיש חרום/תפס,כולל חבטות בקורה,18
91-413,פירוק והרכבה PVC (רצפה),,30
91-414,פירוק והרכבה גלגלת החלקה עליונה של דלת הזזה,כולל כיוון דלת הזזה,30
91-415,פירוק והרכבה גלגלת החלקה אמצעית/תחתונה של דלת הזזה,כולל כיוון דלת הזזה,30
91-416,פירוק והרכבה מסילת החלקה של דלת הזזה,כולל פירוק והרכבה וכיוון דלת הזזה,30
91-417,פירוק והרכבה מראת צד,,60
91-418,פירוק והרכבה זכוכית למראת צד חשמלית ,,30
91-419,פירוק והרכבה מראת נהג פנימית ,,30
91-420,פירוק והרכבה גג קדמי,,180
91-421,פירוק והרכבה גג אחורי,,150
91-422,פירוק והרכבה תעלת מיזוג אוויר שמאלית/ימנית,,480
91-423,פירוק והרכבה מדף מטען,,150
91-424,פירוק והרכבה מגן שמש/וילון,,30
91-425,פירוק והרכבה ווילון,,30
91-426,פירוק והרכבה מסילת הזזה של הווילון,,60
91-427,פירוק והרכבה מגן,,30
91-428,פירוק והרכבה מוט ואביזרי משענת היד,,30
91-429,פירוק והרכבה ריפוד,פירוק והרכבה מושב תוספת 0.3 שעות / מחשב,60
91-430,פירוק והרכבה פס חלון הזזה/כיסוי עמוד/פס מסגרת הדלת,,30
91-431,פירוק והרכבה מנגנון הרמת שמשה,,90
91-432,פירוק והרכבה לצורך תיקון נזילה פתח חירום עילי ,,60
91-433,פירוק והרכבה מכלל גג נפתח ,כולל איטום באמצעות דבק,120
91-434,פירוק והרכבה משאבת מי שירותים /תיבת בקרת מעגלים/ מתג ניקוז מים,,60
91-435,לא רלוונטי,,120
91-436,לא רלוונטי,כולל פירוק והרכבה אביזרים קשורים,60
91-437,פירוק והרכבה מערכת כיבוי אש אוטומטית בתא המנוע,,30
91-438,פירוק והרכבה כל סוגי המתגים בצילינדר הפעלת דלת ,כולל כיוון דלת,30
91-439,פירוק והרכבה/הוספה מחבר צינור אוויר,,18
91-440,פירוק והרכבה ידית חלון,,18
91-441,פירוק והרכבה דלת נוסע,כולל כיוון דלת,60
91-442,פירוק והרכבה מוט מייצב/ תפוח לכל סוגי הדלתות,,30
91-443,פירוק והרכבת חגורת בטיחות ,,18
91-547,הכנת פתח גישה להח' מסנן נשם מנוע 01-024,,180
91-578,כיוון דלת,,30
91-579,הח' גומי לתא מטען,,30
91-580,הח' מוט משונן \ בית מוט משונן דלת תא מטען,,60
91-581,פ\ה כיסוי גג למזגן\מצברים\ מנוע,,60
91-582,פ\ה כיסוי עליון לדוד (על גג האוטובוס),,72
91-583,בדיקת דליפות גז לפני תיקון תאונה / פחחות,,30
91-584,בדיקת דליפות גז לאחר תיקון תאונה,,30
91-585,תיקון פגוש קדמי ימין רכב עירוני גז,,105
91-586,תיקון פגוש קדמי שמאל רכב עירוני גז,,105
91-587,תיקון מכסה קדמי רכב גז,,192
91-588,תיקון דופן קדמי לרכב גז,,138
91-589,תיקון פגוש אחורי לרכב עירוני גז,,210
91-590,תיקון דלת מכסה תא מנוע עירוני גז,,246
91-591,תיקון פגוש אחורי שמאלי (תאורה אח) עירוני גז,לא כולל פנסים,174
91-592,תיקון פגוש אחורי ימני (תאורה אח') עירוני גז,לא כולל פנסים,174
91-593,תיקון פינה עליונה שמ/ימ דופן קד/אח,,126
91-594,תיקון דלת תא אחורי שמאלי (דלת רשת למצנן),,105
91-595,תיקון מרכזיית תידלוק,,105
91-596,תיקון דלת ארגז כלים,,105
91-597,תיקון מכסה רדיאטורים צד ימין,,174
91-598,תיקון מרכזיית תדלוק צד ימין,,138
91-599,תיקון כנף דלת קד/אח',,585
91-669,הידוק גלגלים לפי מומנט,,90
91-670,חיזוקי מרכב,,18
91-680,העברת חלקים ממנוע ישן לחדש,,180
91-681,MTO פ\ה תושבת מנוע אחורית נוספת,,30
91-682,MTO פ\ה תושבת מנוע קדמית נוספת,,30
91-683,התקנת מערכת הגנת מנוע עירוני (קמפיין ),,120
91-684,התקנת מערכת הגנת מנוע בין עירוני (קמפיין ),,180
91-685,החלפת בנד לצינור יניקה מעל מנוע ( CNG T0063),,30
91-686,פירוק והרכבה גל זיזים (מנוע מפורק),,180
91-687,פ\ה מצנן המנוע ( רדיאטור דגם חדש),,180
91-688,פ\ה צמת חוטים  (מנוע CNG ),,120
91-689,פ\ה מחשב ECU,,30
91-690,שטיפת מע' קירור והח' נוזל קירור(הוראה מס 01-000),,72
91-691,בדיקת המצאות נשם למיכל אוריאה,,12
91-692,בד' המצאות נשם למיכל אוריאה והשלמה,,30
91-693,תיקון צינור מילוי שמן מנוע,,36
91-694,פ\ה ושינוי מיקום דוושת תאוצה CNG,,30
91-695,בדיקה והרכבת בידוד,,12
91-696,החלפת מתג משבת מנוע בדלת תדלוק גז,,30
91-697,הח' סליל חש' על מנוע ברז מניפה,,6
91-698,עדכון תוכנת מחשב מנוע STEP D,,48
91-699,עדכון תוכנת ניהול מנוע לאוטובוס עירוני   חשמל,,42
91-700,פרוק כיסוי מגן החום מדוד הפליטה,,60
91-701,הרכבת תמך לבסיס הרדאר,,60
91-702,הרכבת מגיני חום על דוד הפליטה( רכב בין עירוני),,60
91-703,הרכבת מגיני חום על דוד הפליטה( רכב עירוני),,150
91-704,ניתוב צנרת שמן הגה(T-0078),,36
91-705,ניתוב צינור החזרת שמן למיכל(T-0078),,12
91-706,בידוד צנרת הגה בתא דוד הפליטה ATS (קמפיין 0078-T),,30
91-707,סידור צינור הדלק של המסנן (קמפיין T-0078),,30
91-708,שינוי זווית צינור מילוי דלק,,90
91-709,בידוד תא דוד פליטה עירוני 9 ליטר CNG,,120
91-710,שינוי מיקום פינים ונתיכים במחברים של אספקת מתח,,36
91-711,הדק פקקים בצינור כניסה ויציאה של מש מים (T-0085),,12
91-712,הח' צינור מהטורבו לאינטרקולר מפרקי T-0086,,36
91-713,שינוי מיקום יחידת בקרת הפשרה (קמפיין מס' T-0087),,12
91-714,הרכבת תמך למשתיק הקול של שסתום בלם יד (T-0088),,18
91-715,החלפת תושבות בית מסנן אויר(קמפיין  מס' T-0089),,72
91-716,ביטול מסנן קו מים לחימום תא נוסעים(קמפיין T-0091,,30
91-717,עדכון תוכנה למחשב ניהול מערכת מנוע VMU T0094,,12
91-718,שינוי מערכת קירור אויר מהמדחס למייבש האוויר T-0095,,150
91-719,בידוד חיווט לאלטרנטורים וצינור אויר מחום מנוע 0096,,300
91-720,התקנת בידוד לצינור סיליקון מהטורבו לאינטרקולר 0097,,18
91-721,ניתוב חיווט לחיישני טמפרטורה למנוע ולמניפות T-0098,,12
91-722,סיבוב דוד פליטה+הח' בידוד לפי צורך(למבדה T-0101),,90
91-723,שינוי מערכת קירור אויר מהמדחס למייבש האוויר T-0104,,150
91-724,הידוק כבלים ביחידות הנתיכים של המזגן T-0103,,12
91-725,הסרת קצף בידוד ממכסה גישה למנוע בתא נוסעים T-0106,,18
91-726,החלפת בנד צינור פליטה אנכי בתא מנוע (קמפיין T-0099,,30
91-727,הח' צינור פליטה אנכי בתא מנוע (קמפיין T-0100),,60
91-728,הח' תותבי באוקולון במיצב של מתלה סרן אמצעי(T-0105,,60
91-729,בידוד תא מנוע מחום החודר לתא הנוסעים(T-0107),,270
91-730,הח' צינור קירור מים למדחס אויר (0108-T),,45
91-731,הוספת נקז מים בתא מצנן המים של המנוע. (0113-T),,30
91-732,תיקון  שלדה אחורית פוגעת בבוסטרים ( T-0112),,348
91-733,החלפת צינור פליטה צוואר שבור ( T-0114),,60
91-734,שינוי מיקום צמות חיישנים למניעת נזק בצינור דלק למס,,6
91-735,הח' צינורית  מה-ATS לחיישן Delta P(קמפיין T-0115),,30
91-736,נסיעת מבחן קצרה,,15
91-737,החלפת ממיר למזגן מפסיק לפעול (קמפיין  מס' T-0119),,90
91-738,שינוי מיקום חבקים ובדיקת נזק לצינורית.T-0120,,30
91-739,"הח' צינורית פגומה, ניקוז אויר ובד'  נזילות (T-0120",,30
91-740,הח' 2 ידיות עליה (אחיזה) לאוטובוס קד'+אח' (T-0118,,60
91-741,בידוד חום לפתח גישה לטורבו (קמפיין מס' T-0121),,30
91-742,פרוק מגן תחתון לאגן שמן (מנוע קמינס קמפיין),,18
91-743,בדיקה שהמגן הוסר בעבר  (מנוע קמינס T-0124),,12
91-744,הורדת קובץ תקלות קמינס  (מנוע קמינס T-0124),,18
91-745,"בדיקות עפ""י הנחיות יצרן  (מנוע קמינס T-0124)",,18
91-746,עדכון תוכנת מאוורר הידראולי,,18
91-747,בדיקת אגן השמן לאחר הפרוק(קמינס),,12
91-748,הח' 2 לוחות מגן לאגן שמן (דגם ישן)C23011,,24
91-749,הח' לוח מגן 1 לאגן שמן (דגם חדש)2-C23011,,18
91-750,בד' מספר מנוע ברככ גז (קמפיין פנימי),,18
91-751,"בד' אלטרנטור וטעינה (עפ""י נוהל)",,30
91-752,בדיקת ריכוז של נוזל קירור,,6
91-753,בד' מע' קירור בלחץ והוספת נוזל קירור,,18
91-754,MTO פ\ה פלג 1 CNG,,60
91-755,MTO פ\ה פלג נוסף  CNG,,6
91-756,פ\ה סט פלגים   CNG,,90
91-757,בד' מערכת גז באוטובוס CNG,,30
91-758,החלפת פוטנציומטר לקליפר,,48
91-759,פ\ה צינור הגה לחץ גבוה חוזר(קצר) ממש' הגה,,60
91-760,שינוי מיקום מיכל שמן הגה (לפי הוראה מס' T-0042),לפי הוראה מס' T-0042,60
91-761,הח' תותבים במיצב של מתלה סרן אמצעי(T-0090),,60
91-762,פ\ה צינור הגה ממשאבה להמשך חיבור צינור לתיבת הגה,,120
91-763,"החלפת ידית בלם חניה, הוראה מס' T0070",,36
91-764,ניתוב ריתמת  EBSשנוגעת בגל הנע T-0093,,30
91-765,ניתוק חוט של בלם תחנה לבקר ניהול ציי רכב GT-0006,,12
91-766,פ|ה זרוע פרונט נוספת (סרן קד'),,30
91-767,חיתוך פח הצמוד לכרית אויר אח'  ימ',,138
91-768,הח' אנטנה,,60
91-769,פ\ה יח' בקרה לאלטרנטור,,30
91-770,פ/ה חיישן רמפת נכים (חיישן שיפוע),,18
91-771,החלפת מתג אורות,,12
91-772,פ\ה חיישן טמפרטורה אלקטרוני למאוורר,,18
91-773,פ\ה מסך מגע,,30
91-774,פ\ה מסך גילוי עשן,,12
91-775,פ\ה בורר הילוכים,,18
91-776,עדכון תוכנה לכל מערכת,,12
91-777,עדכון תוכנה לכל מערכת DANA (קמפיין T-0117 ),,12
91-778,עדכון תוכנה למערכת ACTIA (קמפיין T-0117 ),,12
91-779,פ\ה מאוורר חשמלי,,30
91-780,פ\ה תיבת פיוזים,,30
91-781,פ\ה כבל תקשורת בין MCU למנוע,,60
91-782,פ\ה כבל HV  בין MCU למנוע,,60
91-783,פ\ה סט כבלים HV  בין MCU למנוע(9 יח),,360
91-784,פ\ה E locker,,30
91-785,פ\ה חיישן טמפרטורת למדחס אוויר,,30
91-786,פ\ה ממסר ב-PDU,,60
91-787,איסוף נתונים עבור CATL,,18
91-788,בדיקת מטען,,60
91-789,בדיקה וחיזוק מחברים,,30
91-790,ליווי לביצוע ניקיון עם אויר,,30
91-791,הח' מודול למטען,,12
91-792,הח' מנורת לד,,6
91-793,שינוי מיקום חוטים בתיבת נתיכים T-0092,,12
91-794,שדרוג תוכנה של CATL BMS,,18
91-795,פ\ה מאוורר לחימום\מפשיר,,60
91-796,התקנת מזגן לרכב חדש,,463
91-797,הכנות PDI למזגן,,126
91-798,פרוק מסנן מים למע' חימום(GT-0002 קמפיין זמני),,30
91-799,בד' ועדכון תוכנה למפרק הובנר+נסיעת מבחן GT0003,,18
91-801,פרוק חגורות בטיחות מושבים צמודי קיר מתקפלים GT0004,,12
91-802,פרוק מחיצה מרכזית בין תאי המטען (GT-0007),,18
91-803,הנמכת מושב נוסעים השני מאחורי הנהג T-0109,,60
91-804,תיקון בסיס ציר תח' דלת קד' (קמפיין T0102),,60
91-805,MTO החלפת מושב תחתון,,6
91-806,MTO החלפת משענת גב למושב,,18
91-807,מדידת גבהים ל-2 מושבים (ימ'+שמ'),,6
91-808,החלפת 2 ידיות אחיזה(מפרקי-קמפיין מס' C2404),,18
91-809,הזזת כיסא נהג,,60
91-810,בדיקת מיקום כיסא נהג,,6
91-811,הסרה והתקנה/החלפה של צינור מים,,120
91-812,החלפת בר הולכת מתח במארז בטריות,,30
91-813,החלפת/הסרה והתקנה של צמת מתח נמוך,,120
91-814,הסרה והתקנה של מכסה\כיסוי\חיפוי\מגן,,18
91-815,מארז ראשון הורדה\התקנה\החלפה של מארז בטריות הנמצאו,,240
91-816,כל מארז נוסףהורדה\התקנה\החלפה של מארז בטריות הנמצא,,120
91-817,מארז ראשון הורדה\התקנה\החלפה של מארז בטריות הנמצאו,,300
91-818,מארז נוסף הורדה\התקנה\החלפה של מארז בטריות הנמצאות,,120
91-819,מארז ראשון הורדה\התקנה\החלפה של מארז בטריות הנמצאו,,360
91-820,מארז נוסף הורדה\התקנה\החלפה של מארז בטריות הנמצאות,,120
91-821,פתיחה וסגירה של מכסה מארז תאים (עם אטימת גומי),,30
91-822,החלפת MSD,,18
91-823,הסרה\התקנה של בסיס חיבור כבל מתח גבוה לסוללה,,30
91-824,החלפת חיבור מתח גבוה עליון למארז בטריות,,18
91-825,הסרה והתקנה/החלפה של שסתום לחץ מארז בטריות,,18
91-826,בדיקת אטימות של ערכת סוללות\Sbox\שסתום קירור אויר,,30
91-827,החלפת CSC,,30
91-828,הסרה והתקנה\החלפה תחזוקת כיסוי CSC,,18
91-829,תהליך טעינה/פריקה של מארז בטריות,,30
91-830,החלפת/תיקון רתמות מתח גבוה ונמוך בתוך מארז בטריות,,30
91-831,החלפת ממסר או נגד קדם טעינה ראשון בתוך מארז בטריות,,18
91-832,החלפת  ממסר או נגד קדם טעינה נוסף בתוך מארז בטריות,,12
91-833,הסרה והתקנה של מארז ה BMU,,60
91-834,הסרה והתקנה של מארז ה BMU למקרים קשים,,90
91-835,הסרה והתקנה של מארז ה BMU למקרים מאוד חריגים,,180
91-836,הסרה והתקנה/החלפה של מכסה BMS,,30
91-837,החלפת MSD מארז תאים,,30
91-838,החלפת ממסר מארז תאים ראשון,,18
91-839,החלפת ממסר מארז תאים נוסף,,12
91-840,החלפת BMU תיבת מתח גבוה,,30
91-841,החלפת HVB,,60
91-842,החלפת PDM,,30
91-843,החלפת BPM,,30
91-844,החלפה/הסרה והתקנה של חיישן זרם,,30
91-845,הסרה\התקנה של פיוז או נגד קדם טעינה,,18
91-846,הסרה והתקנה צמת מתח גבוה בתוך הבטריה,,60
91-847,החלפת RDB,,30
91-848,החלפת בסיס לכבל מתח גבוה או נמוך ב BMS,,30
91-849,החלפת מכסה כבל מתח גבוה,,18
91-850,החלפה\הסרה והתקנה של שסתום לחץ מארז BMS,,30
91-851,החלפה/הסרה והתקנה של צמת מתח גבוה (≥2m) בין מארזי,,30
91-852,החלפה/הסרה והתקנה של צמת מתח גבוה(<2m) בין מארזי ב,,18
91-853,תיקון צמות חשמל מתח גבוה,,48
91-854,החלפת רתמת חיבור למתח נמוך (≥2m).,,30
91-855,החלפת רתמת חיבור למתח נמוך (<2m).,,18
91-856,הסרה והתקנה/החלפה של יחידה מקוררת מים,,240
91-857,החלפה\הדבקה של תווית\לוגו,,18
91-858,עדכון תוכנה,,18
91-859,איסוף נתונים/בדיקת קיבולת,,60
91-860,"פתרון תקלות/ניקוי תקלות  (במקרים בהם אין תקלות, מק",,30
91-861,בדיקת בידוד לתקלות שלא נובעות מהבטריה,,60
91-862,מדיקת בידוד לתקלות שנובעות מהבטריה,,60
91-863,זמן בדיקה לתקלות שלוקח זמן להופעתן (מקרים מיוחדים),,60
91-864,בדיקת טעינה,,60
91-865,פתרון בעיות תקשורת CAN,,60
91-866,פתרון תקלות תקשורת שרשרת דייזי,,60
91-867,החלפת EVCC ועדכון תוכנה לפי הצורך,,60
91-868,החלפת DCDC,,60
91-869,איזון תאים,,180
91-870,התקנה\החלפה של פנל חיבורים קדמי,,60
91-871,החלפת אלמנט חימום,,30
91-872,ריתוך ארגון של בסיס הדלת T-0102,חובה לצרף חשבונית ספק,115
91-873,הסרה והתקנה/החלפה של צינור מים,,96
91-874,החלפת בר הולכת מתח במארז בטריות,,24
91-875,החלפת/הסרה והתקנה של צמת מתח נמוך,,96
91-876,הסרה והתקנה של מכסה\כיסוי\חיפוי\מגן,,24
91-877,מארז ראשון הורדה\התקנה\החלפה של מארז בטריות הנמצאו,,192
91-878,כל מארז נוסףהורדה\התקנה\החלפה של מארז בטריות הנמצא,,96
91-879,מארז ראשון הורדה\התקנה\החלפה של מארז בטריות הנמצאו,,240
91-880,מארז נוסף הורדה\התקנה\החלפה של מארז בטריות הנמצאות,,96
91-881,מארז ראשון הורדה\התקנה\החלפה של מארז בטריות הנמצאו,,288
91-882,מארז נוסף הורדה\התקנה\החלפה של מארז בטריות הנמצאות,,96
91-883,פתיחה וסגירה של מכסה מארז תאים (עם אטימת גומי),,24
91-884,החלפת MSD,,14
91-885,הסרה\התקנה של בסיס חיבור כבל מתח גבוה לסוללה,,24
91-886,החלפת חיבור מתח גבוה עליון למארז בטריות,,14
91-887,הסרה והתקנה/החלפה של שסתום לחץ מארז בטריות,,14
91-888,בדיקת אטימות של ערכת סוללות\Sbox\שסתום קירור אויר,,14
91-889,החלפת CSC,,24
91-890,הסרה והתקנה\החלפה תחזוקת כיסוי CSC,,14
91-891,תהליך טעינה/פריקה של מארז בטריות,,24
91-892,החלפת/תיקון רתמות מתח גבוה ונמוך בתוך מארז בטריות,,24
91-893,החלפת ממסר או נגד קדם טעינה ראשון בתוך מארז בטריות,,14
91-894,החלפת  ממסר או נגד קדם טעינה נוסף בתוך מארז בטריות,,9
91-895,הסרה והתקנה של מארז ה BMU,,48
91-896,הסרה והתקנה של מארז ה BMU למקרים קשים,,72
91-897,הסרה והתקנה של מארז ה BMU למקרים מאוד חריגים,,144
91-898,הסרה והתקנה/החלפה של מכסה BMS,,24
91-899,החלפת MSD מארז תאים,,24
91-900,החלפת ממסר מארז תאים ראשון,,14
91-901,החלפת ממסר מארז תאים נוסף,,9
91-902,החלפת BMU תיבת מתח גבוה,,24
91-903,החלפת HVB,,48
91-904,החלפת PDM,,24
91-905,החלפת BPM,,24
91-906,החלפה/הסרה והתקנה של חיישן זרם,,24
91-907,הסרה\התקנה של פיוז או נגד קדם טעינה,,14
91-908,הסרה והתקנה צמת מתח גבוה בתוך הבטריה,,48
91-909,החלפת RDB,,24
91-910,החלפת בסיס לכבל מתח גבוה או נמוך ב BMS,,24
91-911,החלפת מכסה כבל מתח גבוה,,14
91-912,החלפה\הסרה והתקנה של שסתום לחץ מארז BMS,,24
91-913,החלפה/הסרה והתקנה של צמת מתח גבוה (≥2m) בין מארזי,,72
91-914,החלפה/הסרה והתקנה של צמת מתח גבוה(<2m) בין מארזי ב,,38
91-915,תיקון צמות חשמל מתח גבוה,,38
91-916,החלפת רתמת חיבור למתח נמוך (≥2m).,,72
91-917,החלפת רתמת חיבור למתח נמוך (<2m).,,38
91-918,הסרה והתקנה/החלפה של יחידה מקוררת מים,,192
91-919,החלפה\הדבקה של תווית\לוגו,,14
91-920,עדכון תוכנה,,14
91-921,איסוף נתונים/בדיקת קיבולת,,48
91-922,"פתרון תקלות/ניקוי תקלות  (במקרים בהם אין תקלות, מק",,24
91-923,בדיקת בידוד לתקלות שלא נובעות מהבטריה,,48
91-924,מדיקת בידוד לתקלות שנובעות מהבטריה,,48
91-925,זמן בדיקה לתקלות שלוקח זמן להופעתן (מקרים מיוחדים),,60
91-926,בדיקת טעינה,,48
91-927,תיקון עמוד חזית קדמי,,126
91-928,תיקון גג עליון,,150
91-929,פירוק והרכבת מכלול הטלוויזיה-[סט],,42
91-930,פירוק והרכבה תיבת הגה זוויתית,,90
91-931,פירוק והרכבה שסתום לחץ שמן,,60
91-932,פירוק והרכבה משכך תנודות,,90
91-933,פירוק והרכבה כיסוי צינור גמיש,,30
91-934,פירוק והרכבה יח' שלט בקרה,,18
91-935,פירוק והרכבה חיישן מים בסולר,,12
91-936,פ|ה זרוע פרונט (סרן קד'),,84
91-937,פ\ה רצועות מזגן \ אלטרנטור,,30
91-938,פ\ה רפידות בלם + צלחות קד' ( X2),,210
91-939,פ\ה רפידות בלם + צלחות אח' ( X2),,288
91-940,פ\ה חיישן זוית הגה (שולחן אקטיה חדש),,30
91-941,פ\ה דיסקיות קד' ואח',,156
91-942,פ/ה גל זיזים,,420
91-943,סידור חיווט חיישן גובה שמן הגה בלבד,,18
91-944,נסיעת מבחן,,30
91-945,"ניתוב, בידוד ותיקון רתמה פגועה",,90
91-946,ניתוב ובידוד רתמה \צמת חוטים,,30
91-947,ניקוי מצנן מים ( אינטרקולר מפורק),,18
91-948,ניקוי מאולץ של מסנן חלקיקים (ריגנרציה),,45
91-949,ניקוי מאולץ של מסנן חלקיקים,,45
91-954,התקנת מתג משבת התנעת מנוע T-0060,,90
91-955,"החלפת שמן + מסנן, ניקוי המערכת וסידור חיווט חיישן",,90
91-956,החלפת ציר גמיש של העברת ההילוכים-[סט],,180
91-957,החלפת צינור ממש' הגה לתיבת הגה (12 מ'),,240
91-958,החלפת מנגנון הינע משני של מד המרחק-[סט],,30
91-959,החלפת חיבור U בגל ההינע-[יח'],,120
91-960,החלפת החלק התומך בהעברה לגל ההינע-[סט],,60
91-961,החלפת גל הינע-[יח'],,60
91-962,הח' שמן בתיבה זוויתית למניפת קיורור,,18
91-963,הח' רפידות בלם קד'  ( X2 ),,72
91-964,הח' רפידות בלם אח'    (X2 ),,84
91-965,הח' צמת מנוע ( עירוני),,300
91-966,הח' צמת מנוע ( בין עירוני),,240
91-967,הח' צלחות קד' (לא כולל פ\ה רפידות קד) (X2),,138
91-968,הח' צלחות אח' (לא כולל פ\ה רפידות אח) (X2),,204
91-969,ה\ה פקק מילוי שמן \מים,,6
91-970,ה\ה מסנן  חלקיקים DPF,,60
91-971,ה\ה מיכל שמן הידראולי,,30
91-972,ה או בדיקה ותיקון סימון הנתיב האלקטרוני ?????-[סט],,30
91-973,בדיקת תותבים למייצב קד,,30
91-974,בדיקת חבקים והחלפת ברגים (שני צדדים),,60
91-975,בדיקת בלמים  פנאומיטי,,60
91-976,"MTO פירוק והרכבת מחזיר שמן ציר הסרן,-[סט]",,18
91-977,MTO פ\ה ערכת מוביל לשסתום גובה ECAS,,30
80-3,"טיפול 20,000  -  לדגם XML6125CLE-18",לא כולל טופס מטלות,102
80-6,"טיפול 40,000  -  לדגם XML6125CLE-18",לא כולל טופס מטלות,144
80-9,"טיפול 60,000  -  לדגם XML6125CLE-18",לא כולל טופס מטלות,144
80-12,"טיפול 80,000  -  לדגם XML6125CLE-18",לא כולל טופס מטלות,144
80-18,"טיפול 140,000  -  לדגם XML6125CLE-18",לא כולל טופס מטלות,144
80-21,"טיפול 160,000  -  לדגם XML6125CLE-18",לא כולל טופס מטלות,144
80-24,"טיפול 180,000  -  לדגם XML6125CLE-18",לא כולל טופס מטלות,144
80-27,"טיפול 200,000  -  לדגם XML6125CLE-18",לא כולל טופס מטלות,144
80-30,"טיפול 220,000  -  לדגם XML6125CLE-18",לא כולל טופס מטלות,144
80-33,"טיפול 240,000  -  לדגם XML6125CLE-18",לא כולל טופס מטלות,144
80-36,"טיפול 260,000  -  לדגם XML6125CLE-18",לא כולל טופס מטלות,144
80-39,"טיפול 280,000  -  לדגם XML6125CLE-18",לא כולל טופס מטלות,144
80-42,"טיפול 300,000  -  לדגם XML6125CLE-18",לא כולל טופס מטלות,144
80-45,"טיפול 320,000  -  לדגם XML6125CLE-18",לא כולל טופס מטלות,144
80-48,"טיפול 340,000  -  לדגם XML6125CLE-18",לא כולל טופס מטלות,144
80-51,"טיפול 360,000  -  לדגם XML6125CLE-18",לא כולל טופס מטלות,144
80-54,"טיפול 380,000  -  לדגם XML6125CLE-18",לא כולל טופס מטלות,144
80-57,"טיפול 400,000  -  לדגם XML6125CLE-18",לא כולל טופס מטלות,144
80-61,"טיפול 420,000  -  לדגם XML6125CLE-18",לא כולל טופס מטלות,144
80-64,"טיפול 440,000  -  לדגם XML6125CLE-18",לא כולל טופס מטלות,144
80-67,"טיפול 480,000  -  לדגם XML6125CLE-18",לא כולל טופס מטלות,144
80-70,"טיפול 500,000  -  לדגם XML6125CLE-18",לא כולל טופס מטלות,144
80-73,"טיפול 520,000  -  לדגם XML6125CLE-18",לא כולל טופס מטלות,144
80-76,"טיפול 540,000  -  לדגם XML6125CLE-18",לא כולל טופס מטלות,144
80-79,"טיפול 580,000  -  לדגם XML6125CLE-18",לא כולל טופס מטלות,144
80-82,"טיפול 600,000  -  לדגם XML6125CLE-18",לא כולל טופס מטלות,144
80-85,"טיפול 620,000  -  לדגם XML6125CLE-18",לא כולל טופס מטלות,144
80-88,"טיפול 640,000  -  לדגם XML6125CLE-18",לא כולל טופס מטלות,144
80-91,"טיפול 680,000  -  לדגם XML6125CLE-18",לא כולל טופס מטלות,144
80-94,"טיפול 700,000  -  לדגם XML6125CLE-18",לא כולל טופס מטלות,144
80-97,"טיפול 720,000  -  לדגם XML6125CLE-18",לא כולל טופס מטלות,144
80-100,"טיפול 740,000  -  לדגם XML6125CLE-18",לא כולל טופס מטלות,144
80-103,"טיפול 780,000  -  לדגם XML6125CLE-18",לא כולל טופס מטלות,144
80-106,"טיפול 800,000  -  לדגם XML6125CLE-18",לא כולל טופס מטלות,144
80-110,"טיפול 25,000  -  לדגם XML61255-1/11",לא כולל טופס מטלות,156
80-112,"טיפול 25,000  -  לדגם XML61255-13",לא כולל טופס מטלות,156
80-114,"טיפול 50,000  -  לדגם XML61255-1",לא כולל טופס מטלות,300
80-115,"טיפול 50,000  -  לדגם XML61255-11",לא כולל טופס מטלות,366
80-116,"טיפול 50,000  -  לדגם XML61255-13",לא כולל טופס מטלות,366
80-118,"טיפול 75,000  -  לדגם XML61255-1",לא כולל טופס מטלות,156
80-119,"טיפול 75,000  -  לדגם XML61255-11",לא כולל טופס מטלות,156
80-120,"טיפול 75,000  -  לדגם XML61255-13",לא כולל טופס מטלות,156
80-122,"טיפול 100,000  -  לדגם XML61255-1",לא כולל טופס מטלות,330
80-123,"טיפול 100,000  -  לדגם XML61255-11",לא כולל טופס מטלות,366
80-124,"טיפול 100,000  -  לדגם XML61255-13",לא כולל טופס מטלות,348
80-126,"טיפול 125,000  -  לדגם XML61255-1",לא כולל טופס מטלות,312
80-127,"טיפול 125,000  -  לדגם XML61255-11",לא כולל טופס מטלות,174
80-128,"טיפול 125,000  -  לדגם XML61255-13",לא כולל טופס מטלות,174
80-130,"טיפול 150,000  -  לדגם XML61255-1",לא כולל טופס מטלות,300
80-131,"טיפול 150,000  -  לדגם XML61255-11",לא כולל טופס מטלות,366
80-132,"טיפול 150,000  -  לדגם XML61255-13",לא כולל טופס מטלות,348
80-134,"טיפול 175,000  -  לדגם XML61255-1",לא כולל טופס מטלות,156
80-135,"טיפול 175,000  -  לדגם XML61255-11",לא כולל טופס מטלות,156
80-136,"טיפול 175,000  -  לדגם XML61255-13",לא כולל טופס מטלות,156
80-138,"טיפול 200,000  -  לדגם XML61255-1",לא כולל טופס מטלות,360
80-139,"טיפול 200,000  -  לדגם XML61255-11",לא כולל טופס מטלות,396
80-140,"טיפול 200,000  -  לדגם XML61255-13",לא כולל טופס מטלות,378
80-142,"טיפול 225,000  -  לדגם XML61255-1",לא כולל טופס מטלות,174
80-143,"טיפול 225,000  -  לדגם XML61255-11",לא כולל טופס מטלות,312
80-144,"טיפול 225,000  -  לדגם XML61255-13",לא כולל טופס מטלות,312
80-146,"טיפול 250,000  -  לדגם XML61255-1",לא כולל טופס מטלות,456
80-147,"טיפול 250,000  -  לדגם XML61255-11",לא כולל טופס מטלות,384
80-148,"טיפול 250,000  -  לדגם XML61255-13",לא כולל טופס מטלות,192
80-150,"טיפול 275,000  -  לדגם XML61255-1",לא כולל טופס מטלות,156
80-151,"טיפול 275,000  -  לדגם XML61255-11",לא כולל טופס מטלות,156
80-152,"טיפול 275,000  -  לדגם XML61255-13",לא כולל טופס מטלות,330
80-154,"טיפול 300,000  -  לדגם XML61255-1",לא כולל טופס מטלות,330
80-155,"טיפול 300,000  -  לדגם XML61255-11",לא כולל טופס מטלות,366
80-156,"טיפול 300,000  -  לדגם XML61255-13",לא כולל טופס מטלות,174
80-158,"טיפול 325,000  -  לדגם XML61255-1",לא כולל טופס מטלות,156
80-159,"טיפול 325,000  -  לדגם XML61255-11",לא כולל טופס מטלות,156
80-160,"טיפול 325,000  -  לדגם XML61255-13",לא כולל טופס מטלות,330
80-162,"טיפול 350,000  -  לדגם XML61255-1",לא כולל טופס מטלות,300
80-163,"טיפול 350,000  -  לדגם XML61255-11",לא כולל טופס מטלות,366
80-164,"טיפול 350,000  -  לדגם XML61255-13",לא כולל טופס מטלות,156
80-166,"טיפול 375,000  -  לדגם XML61255-1",לא כולל טופס מטלות,312
80-167,"טיפול 375,000  -  לדגם XML61255-11",לא כולל טופס מטלות,174
80-168,"טיפול 375,000  -  לדגם XML61255-13",לא כולל טופס מטלות,348
80-170,"טיפול 400,000  -  לדגם XML61255-1",לא כולל טופס מטלות,360
80-171,"טיפול 400,000  -  לדגם XML61255-11",לא כולל טופס מטלות,396
80-172,"טיפול 400,000  -  לדגם XML61255-13",לא כולל טופס מטלות,204
80-174,"טיפול 425,000  -  לדגם XML61255-1",לא כולל טופס מטלות,156
80-175,"טיפול 425,000  -  לדגם XML61255-11",לא כולל טופס מטלות,156
80-176,"טיפול 425,000  -  לדגם XML61255-13",לא כולל טופס מטלות,330
80-178,"טיפול 450,000  -  לדגם XML61255-1",לא כולל טופס מטלות,318
80-179,"טיפול 450,000  -  לדגם XML61255-11",לא כולל טופס מטלות,522
80-180,"טיפול 450,000  -  לדגם XML61255-13",לא כולל טופס מטלות,330
80-182,"טיפול 475,000  -  לדגם XML61255-1",לא כולל טופס מטלות,156
80-183,"טיפול 475,000  -  לדגם XML61255-11",לא כולל טופס מטלות,156
80-184,"טיפול 475,000  -  לדגם XML61255-13",לא כולל טופס מטלות,156
80-186,"טיפול 500,000  -  לדגם XML61255-1",לא כולל טופס מטלות,486
80-187,"טיפול 500,000  -  לדגם XML61255-11",לא כולל טופס מטלות,384
80-188,"טיפול 500,000  -  לדגם XML61255-13",לא כולל טופס מטלות,366
80-190,"טיפול 525,000  -  לדגם XML61255-1",לא כולל טופס מטלות,156
80-191,"טיפול 525,000  -  לדגם XML61255-11",לא כולל טופס מטלות,156
80-192,"טיפול 525,000  -  לדגם XML61255-13",לא כולל טופס מטלות,156
80-194,"טיפול 550,000  -  לדגם XML61255-1",לא כולל טופס מטלות,300
80-195,"טיפול 550,000  -  לדגם XML61255-11",לא כולל טופס מטלות,366
80-196,"טיפול 550,000  -  לדגם XML61255-13",לא כולל טופס מטלות,348
80-198,"טיפול 575,000  -  לדגם XML61255-1",לא כולל טופס מטלות,156
80-199,"טיפול 575,000  -  לדגם XML61255-11",לא כולל טופס מטלות,156
80-200,"טיפול 575,000  -  לדגם XML61255-13",לא כולל טופס מטלות,156
80-202,"טיפול 600,000  -  לדגם XML61255-1",לא כולל טופס מטלות,360
80-203,"טיפול 600,000  -  לדגם XML61255-11",לא כולל טופס מטלות,366
80-206,"טיפול 625,000  -  לדגם XML61255-1",לא כולל טופס מטלות,582
80-207,"טיפול 625,000  -  לדגם XML61255-11",לא כולל טופס מטלות,174
80-210,"טיפול 650,000  -  לדגם XML61255-1",לא כולל טופס מטלות,318
80-211,"טיפול 650,000  -  לדגם XML61255-11",לא כולל טופס מטלות,396
80-214,"טיפול 675,000  -  לדגם XML61255-1",לא כולל טופס מטלות,174
80-215,"טיפול 675,000  -  לדגם XML61255-11",לא כולל טופס מטלות,312
80-218,"טיפול 700,000  -  לדגם XML61255-1",לא כולל טופס מטלות,330
80-219,"טיפול 700,000  -  לדגם XML61255-11",לא כולל טופס מטלות,366
80-222,"טיפול 725,000  -  לדגם XML61255-1",לא כולל טופס מטלות,156
80-223,"טיפול 725,000  -  לדגם XML61255-11",לא כולל טופס מטלות,156
80-226,"טיפול 750,000  -  לדגם XML61255-1",לא כולל טופס מטלות,300
80-227,"טיפול 750,000  -  לדגם XML61255-11",לא כולל טופס מטלות,384
80-230,"טיפול 775,000  -  לדגם XML61255-1",לא כולל טופס מטלות,156
80-231,"טיפול 775,000  -  לדגם XML61255-11",לא כולל טופס מטלות,156
80-234,"טיפול 800,000  -  לדגם XML61255-1",לא כולל טופס מטלות,330
80-235,"טיפול 800,000  -  לדגם XML61255-11",לא כולל טופס מטלות,366
80-393,"טיפול 40,000  -  לדגם XML61255-12",לא כולל טופס מטלות,270
80-394,"טיפול 40,000  -  לדגם XML61255-14",לא כולל טופס מטלות,288
80-395,"טיפול 40,000  -  לדגם XML61255-15",לא כולל טופס מטלות,228
80-400,"טיפול 40,000  -  לדגם XML6185CL-9",לא כולל טופס מטלות,492
80-402,"טיפול 80,000  -  לדגם XML61255-12",לא כולל טופס מטלות,330
80-403,"טיפול 80,000  -  לדגם XML61255-14",לא כולל טופס מטלות,396
80-404,"טיפול 80,000  -  לדגם XML61255-15",לא כולל טופס מטלות,288
80-409,"טיפול 80,000  -  לדגם XML6185CL-9",לא כולל טופס מטלות,318
80-410,"טיפול 120,000  -  לדגם XML61255-10",לא כולל טופס מטלות,534
80-411,"טיפול 120,000  -  לדגם XML61255-12",לא כולל טופס מטלות,300
80-412,"טיפול 120,000  -  לדגם XML61255-14",לא כולל טופס מטלות,396
80-413,"טיפול 120,000  -  לדגם XML61255-15",לא כולל טופס מטלות,360
80-418,"טיפול 120,000  -  לדגם XML6185CL-9",לא כולל טופס מטלות,312
80-420,"טיפול 160,000  -  לדגם XML61255-12",לא כולל טופס מטלות,438
80-421,"טיפול 160,000  -  לדגם XML61255-14",לא כולל טופס מטלות,396
80-422,"טיפול 160,000  -  לדגם XML61255-15",לא כולל טופס מטלות,336
80-427,"טיפול 160,000  -  לדגם XML6185CL-9",לא כולל טופס מטלות,318
80-429,"טיפול 200,000  -  לדגם XML61255-12",לא כולל טופס מטלות,270
80-430,"טיפול 200,000  -  לדגם XML61255-14",לא כולל טופס מטלות,288
80-431,"טיפול 200,000  -  לדגם XML61255-15",לא כולל טופס מטלות,228
80-436,"טיפול 200,000  -  לדגם XML6185CL-9",לא כולל טופס מטלות,216
80-438,"טיפול 240,000  -  לדגם XML61255-12",לא כולל טופס מטלות,390
80-439,"טיפול 240,000  -  לדגם XML61255-14",לא כולל טופס מטלות,534
80-440,"טיפול 240,000  -  לדגם XML61255-15",לא כולל טופס מטלות,450
80-445,"טיפול 240,000  -  לדגם XML6185CL-9",לא כולל טופס מטלות,552
80-447,"טיפול 280,000  -  לדגם XML61255-12",לא כולל טופס מטלות,270
80-448,"טיפול 280,000  -  לדגם XML61255-14",לא כולל טופס מטלות,288
80-449,"טיפול 280,000  -  לדגם XML61255-15",לא כולל טופס מטלות,228
80-454,"טיפול 280,000  -  לדגם XML6185CL-9",לא כולל טופס מטלות,216
80-456,"טיפול 320,000  -  לדגם XML61255-12",לא כולל טופס מטלות,438
80-457,"טיפול 320,000  -  לדגם XML61255-14",לא כולל טופס מטלות,396
80-458,"טיפול 320,000  -  לדגם XML61255-15",לא כולל טופס מטלות,336
80-463,"טיפול 320,000  -  לדגם XML6185CL-9",לא כולל טופס מטלות,318
80-465,"טיפול 360,000  -  לדגם XML61255-12",לא כולל טופס מטלות,300
80-466,"טיפול 360,000  -  לדגם XML61255-14",לא כולל טופס מטלות,396
80-467,"טיפול 360,000  -  לדגם XML61255-15",לא כולל טופס מטלות,360
80-472,"טיפול 360,000  -  לדגם XML6185CL-9",לא כולל טופס מטלות,312
80-474,"טיפול 400,000  -  לדגם XML61255-12",לא כולל טופס מטלות,330
80-475,"טיפול 400,000  -  לדגם XML61255-14",לא כולל טופס מטלות,396
80-476,"טיפול 400,000  -  לדגם XML61255-15",לא כולל טופס מטלות,288
80-481,"טיפול 400,000  -  לדגם XML6185CL-9",לא כולל טופס מטלות,318
80-483,"טיפול 440,000  -  לדגם XML61255-12",לא כולל טופס מטלות,270
80-484,"טיפול 440,000  -  לדגם XML61255-14",לא כולל טופס מטלות,288
80-485,"טיפול 440,000  -  לדגם XML61255-15",לא כולל טופס מטלות,228
80-490,"טיפול 440,000  -  לדגם XML6185CL-9",לא כולל טופס מטלות,216
80-492,"טיפול 480,000  -  לדגם XML61255-12",לא כולל טופס מטלות,498
80-493,"טיפול 480,000  -  לדגם XML61255-14",לא כולל טופס מטלות,534
80-494,"טיפול 480,000  -  לדגם XML61255-15",לא כולל טופס מטלות,498
80-499,"טיפול 480,000  -  לדגם XML6185CL-9",לא כולל טופס מטלות,582
80-501,"טיפול 520,000  -  לדגם XML61255-12",לא כולל טופס מטלות,270
80-502,"טיפול 520,000  -  לדגם XML61255-14",לא כולל טופס מטלות,288
80-503,"טיפול 520,000  -  לדגם XML61255-15",לא כולל טופס מטלות,228
80-508,"טיפול 520,000  -  לדגם XML6185CL-9",לא כולל טופס מטלות,216
80-510,"טיפול 560,000  -  לדגם XML61255-12",לא כולל טופס מטלות,330
80-511,"טיפול 560,000  -  לדגם XML61255-14",לא כולל טופס מטלות,396
80-512,"טיפול 560,000  -  לדגם XML61255-15",לא כולל טופס מטלות,288
80-517,"טיפול 560,000  -  לדגם XML6185CL-9",לא כולל טופס מטלות,318
80-520,"טיפול 600,000  -  לדגם XML61255-14",לא כולל טופס מטלות,396
80-521,"טיפול 600,000  -  לדגם XML61255-15",לא כולל טופס מטלות,360
80-526,"טיפול 600,000  -  לדגם XML6185CL-9",לא כולל טופס מטלות,312
80-528,"טיפול 640,000  -  לדגם XML61255-12",לא כולל טופס מטלות,438
80-529,"טיפול 640,000  -  לדגם XML61255-14",לא כולל טופס מטלות,396
80-530,"טיפול 640,000  -  לדגם XML61255-15",לא כולל טופס מטלות,336
80-535,"טיפול 640,000  -  לדגם XML6185CL-9",לא כולל טופס מטלות,318
80-537,"טיפול 680,000  -  לדגם XML61255-12",לא כולל טופס מטלות,270
80-538,"טיפול 680,000  -  לדגם XML61255-14",לא כולל טופס מטלות,288
80-539,"טיפול 680,000  -  לדגם XML61255-15",לא כולל טופס מטלות,228
80-544,"טיפול 680,000  -  לדגם XML6185CL-9",לא כולל טופס מטלות,216
80-546,"טיפול 720,000  -  לדגם XML61255-12",לא כולל טופס מטלות,390
80-547,"טיפול 720,000  -  לדגם XML61255-14",לא כולל טופס מטלות,534
80-548,"טיפול 720,000  -  לדגם XML61255-15",לא כולל טופס מטלות,450
80-553,"טיפול 720,000  -  לדגם XML6185CL-9",לא כולל טופס מטלות,552
80-555,"טיפול 760,000  -  לדגם XML61255-12",לא כולל טופס מטלות,270
80-556,"טיפול 760,000  -  לדגם XML61255-14",לא כולל טופס מטלות,288
80-557,"טיפול 760,000  -  לדגם XML61255-15",לא כולל טופס מטלות,228
80-562,"טיפול 760,000  -  לדגם XML6185CL-9",לא כולל טופס מטלות,216
80-564,"טיפול 800,000  -  לדגם XML61255-12",לא כולל טופס מטלות,438
80-565,"טיפול 800,000  -  לדגם XML61255-14",לא כולל טופס מטלות,396
80-566,"טיפול 800,000  -  לדגם XML61255-15",לא כולל טופס מטלות,336
80-571,"טיפול 800,000  -  לדגם XML6185CL-9",לא כולל טופס מטלות,318
80-572,"טיפול 48,000  -  לדגם XML6937J-31",לא כולל טופס מטלות,198
80-573,"טיפול 48,000  -  לדגם XML6937J-32",לא כולל טופס מטלות,198
80-574,"טיפול 48,000  -  לדגם XML6937J-33",לא כולל טופס מטלות,198
80-575,"טיפול 48,000  -  לדגם XML6937J-35",לא כולל טופס מטלות,276
80-576,"טיפול 96,000  -  לדגם XML6937J-31",לא כולל טופס מטלות,324
80-577,"טיפול 96,000  -  לדגם XML6937J-32",לא כולל טופס מטלות,324
80-578,"טיפול 96,000  -  לדגם XML6937J-33",לא כולל טופס מטלות,360
80-579,"טיפול 96,000  -  לדגם XML6937J-35",לא כולל טופס מטלות,402
80-580,"טיפול 144,000  -  לדגם XML6937J-31",לא כולל טופס מטלות,198
80-581,"טיפול 144,000  -  לדגם XML6937J-32",לא כולל טופס מטלות,198
80-582,"טיפול 144,000  -  לדגם XML6937J-33",לא כולל טופס מטלות,198
80-583,"טיפול 144,000  -  לדגם XML6937J-35",לא כולל טופס מטלות,276
80-584,"טיפול 192,000  -  לדגם XML6937J-31",לא כולל טופס מטלות,324
80-585,"טיפול 192,000  -  לדגם XML6937J-32",לא כולל טופס מטלות,324
80-586,"טיפול 192,000  -  לדגם XML6937J-33",לא כולל טופס מטלות,360
80-587,"טיפול 192,000  -  לדגם XML6937J-35",לא כולל טופס מטלות,402
80-588,"טיפול 240,000  -  לדגם XML6937J-31",לא כולל טופס מטלות,384
80-589,"טיפול 240,000  -  לדגם XML6937J-32",לא כולל טופס מטלות,336
80-590,"טיפול 240,000  -  לדגם XML6937J-33",לא כולל טופס מטלות,336
80-591,"טיפול 240,000  -  לדגם XML6937J-35",לא כולל טופס מטלות,414
80-592,"טיפול 288,000  -  לדגם XML6937J-31",לא כולל טופס מטלות,324
80-593,"טיפול 288,000  -  לדגם XML6937J-32",לא כולל טופס מטלות,372
80-594,"טיפול 288,000  -  לדגם XML6937J-33",לא כולל טופס מטלות,408
80-595,"טיפול 288,000  -  לדגם XML6937J-35",לא כולל טופס מטלות,450
80-596,"טיפול 336,000  -  לדגם XML6937J-31",לא כולל טופס מטלות,198
80-597,"טיפול 336,000  -  לדגם XML6937J-32",לא כולל טופס מטלות,198
80-598,"טיפול 336,000  -  לדגם XML6937J-33",לא כולל טופס מטלות,198
80-599,"טיפול 336,000  -  לדגם XML6937J-35",לא כולל טופס מטלות,276
80-600,"טיפול 384,000  -  לדגם XML6937J-31",לא כולל טופס מטלות,324
80-601,"טיפול 384,000  -  לדגם XML6937J-32",לא כולל טופס מטלות,324
80-602,"טיפול 384,000  -  לדגם XML6937J-33",לא כולל טופס מטלות,360
80-603,"טיפול 384,000  -  לדגם XML6937J-35",לא כולל טופס מטלות,402
80-604,"טיפול 432,000  -  לדגם XML6937J-31",לא כולל טופס מטלות,198
80-605,"טיפול 432,000  -  לדגם XML6937J-32",לא כולל טופס מטלות,198
80-606,"טיפול 432,000  -  לדגם XML6937J-33",לא כולל טופס מטלות,198
80-607,"טיפול 432,000  -  לדגם XML6937J-35",לא כולל טופס מטלות,276
80-608,"טיפול 480,000  -  לדגם XML6937J-31",לא כולל טופס מטלות,510
80-609,"טיפול 528,000  -  לדגם XML6937J-32",לא כולל טופס מטלות,336
80-610,"טיפול 528,000  -  לדגם XML6937J-33",לא כולל טופס מטלות,336
80-611,"טיפול 480,000  -  לדגם XML6937J-35",לא כולל טופס מטלות,540
80-612,"טיפול 528,000  -  לדגם XML6937J-31",לא כולל טופס מטלות,198
80-613,"טיפול 480,000  -  לדגם XML6937J-32",לא כולל טופס מטלות,324
80-614,"טיפול 480,000  -  לדגם XML6937J-33",לא כולל טופס מטלות,360
80-615,"טיפול 528,000  -  לדגם XML6937J-35",לא כולל טופס מטלות,276
80-616,"טיפול 576,000  -  לדגם XML6937J-31",לא כולל טופס מטלות,324
80-617,"טיפול 576,000  -  לדגם XML6937J-32",לא כולל טופס מטלות,372
80-618,"טיפול 576,000  -  לדגם XML6937J-33",לא כולל טופס מטלות,408
80-619,"טיפול 576,000  -  לדגם XML6937J-35",לא כולל טופס מטלות,450
80-620,"טיפול 624,000  -  לדגם XML6937J-31",לא כולל טופס מטלות,198
80-621,"טיפול 624,000  -  לדגם XML6937J-32",לא כולל טופס מטלות,198
80-622,"טיפול 624,000  -  לדגם XML6937J-33",לא כולל טופס מטלות,198
80-623,"טיפול 624,000  -  לדגם XML6937J-35",לא כולל טופס מטלות,276
80-624,"טיפול 672,000  -  לדגם XML6937J-31",לא כולל טופס מטלות,324
80-625,"טיפול 672,000  -  לדגם XML6937J-32",לא כולל טופס מטלות,324
80-626,"טיפול 672,000  -  לדגם XML6937J-33",לא כולל טופס מטלות,360
80-627,"טיפול 672,000  -  לדגם XML6937J-35",לא כולל טופס מטלות,402
80-628,"טיפול 720,000  -  לדגם XML6937J-31",לא כולל טופס מטלות,270
80-629,"טיפול 720,000  -  לדגם XML6937J-32",לא כולל טופס מטלות,198
80-630,"טיפול 720,000  -  לדגם XML6937J-33",לא כולל טופס מטלות,198
80-631,"טיפול 720,000  -  לדגם XML6937J-35",לא כולל טופס מטלות,414
80-632,"טיפול 768,000  -  לדגם XML6937J-31",לא כולל טופס מטלות,510
80-633,"טיפול 768,000  -  לדגם XML6937J-32",לא כולל טופס מטלות,324
80-634,"טיפול 768,000  -  לדגם XML6937J-33",לא כולל טופס מטלות,360
80-635,"טיפול 768,000  -  לדגם XML6937J-35",לא כולל טופס מטלות,402
80-636,"טיפול 816,000  -  לדגם XML6937J-31",לא כולל טופס מטלות,198
80-637,"טיפול 816,000  -  לדגם XML6937J-32",לא כולל טופס מטלות,336
80-638,"טיפול 816,000  -  לדגם XML6937J-33",לא כולל טופס מטלות,336
80-639,"טיפול 816,000  -  לדגם XML6937J-35",לא כולל טופס מטלות,276
80-640,"טיפול 864,000  -  לדגם XML6937J-31",לא כולל טופס מטלות,324
80-641,"טיפול 864,000  -  לדגם XML6937J-32",לא כולל טופס מטלות,372
80-642,"טיפול 864,000  -  לדגם XML6937J-33",לא כולל טופס מטלות,408
80-643,"טיפול 864,000  -  לדגם XML6937J-35",לא כולל טופס מטלות,450
80-644,"טיפול 912,000  -  לדגם XML6937J-31",לא כולל טופס מטלות,198
80-645,"טיפול 912,000  -  לדגם XML6937J-32",לא כולל טופס מטלות,198
80-646,"טיפול 912,000  -  לדגם XML6937J-33",לא כולל טופס מטלות,198
80-647,"טיפול 912,000  -  לדגם XML6937J-35",לא כולל טופס מטלות,276
80-648,"טיפול 960,000  -  לדגם XML6937J-31",לא כולל טופס מטלות,324
80-649,"טיפול 960,000  -  לדגם XML6937J-32",לא כולל טופס מטלות,324
80-650,"טיפול 960,000  -  לדגם XML6937J-33",לא כולל טופס מטלות,360
80-651,"טיפול 960,000  -  לדגם XML6937J-35",לא כולל טופס מטלות,582
80-652,"טיפול 5,000 -  לדגם XML6121J-PUB-39",לא כולל טופס מטלות,84
80-653,"טיפול 60,000  -  לדגם XML6121J-PUB-23",לא כולל טופס מטלות,306
80-654,"טיפול 60,000  -  לדגם XML6121J-PUB-25",לא כולל טופס מטלות,174
80-658,"טיפול 60,000  -  לדגם XML6121J-PUB-29",לא כולל טופס מטלות,90
80-659,"טיפול 60,000  -  לדגם XML6121J-24",לא כולל טופס מטלות,216
80-661,"טיפול 60,000  -  לדגם XML6121J-PUB-39",לא כולל טופס מטלות,372
80-662,"טיפול 60,000  -  לדגם XML6121J-41",לא כולל טופס מטלות,294
80-663,"טיפול 60,000  -  לדגם XML6937J-34",לא כולל טופס מטלות,246
80-664,"טיפול 120,000  -  לדגם XML6121J-PUB-23",לא כולל טופס מטלות,336
80-665,"טיפול 120,000  -  לדגם XML6121J-PUB-25",לא כולל טופס מטלות,318
80-669,"טיפול 120,000  -  לדגם XML6121J-PUB-29",לא כולל טופס מטלות,318
80-670,"טיפול 120,000  -  לדגם XML6121J-24",לא כולל טופס מטלות,270
80-672,"טיפול 120,000  -  לדגם XML6121J-PUB-39",לא כולל טופס מטלות,468
80-673,"טיפול 120,000  -  לדגם XML6121J-41",לא כולל טופס מטלות,390
80-674,"טיפול 120,000  -  לדגם XML6937J-34",לא כולל טופס מטלות,288
80-675,"טיפול 180,000  -  לדגם XML6121J-PUB-23",לא כולל טופס מטלות,354
80-676,"טיפול 180,000  -  לדגם XML6121J-PUB-25",לא כולל טופס מטלות,192
80-680,"טיפול 180,000  -  לדגם XML6121J-PUB-29",לא כולל טופס מטלות,192
80-681,"טיפול 180,000  -  לדגם XML6121J-24",לא כולל טופס מטלות,264
80-683,"טיפול 180,000  -  לדגם XML6121J-PUB-39",לא כולל טופס מטלות,402
80-684,"טיפול 180,000  -  לדגם XML6121J-41",לא כולל טופס מטלות,342
80-685,"טיפול 180,000  -  לדגם XML6937J-34",לא כולל טופס מטלות,246
80-686,"טיפול 240,000  -  לדגם XML6121J-PUB-23",לא כולל טופס מטלות,474
80-687,"טיפול 240,000  -  לדגם XML6121J-PUB-25",לא כולל טופס מטלות,438
80-691,"טיפול 240,000  -  לדגם XML6121J-PUB-29",לא כולל טופס מטלות,426
80-692,"טיפול 240,000  -  לדגם XML6121J-24",לא כולל טופס מטלות,408
80-694,"טיפול 240,000  -  לדגם XML6121J-PUB-39",לא כולל טופס מטלות,498
80-695,"טיפול 240,000  -  לדגם XML6121J-41",לא כולל טופס מטלות,420
80-696,"טיפול 240,000  -  לדגם XML6937J-34",לא כולל טופס מטלות,474
80-697,"טיפול 300,000  -  לדגם XML6121J-PUB-23",לא כולל טופס מטלות,306
80-698,"טיפול 300,000  -  לדגם XML6121J-PUB-25",לא כולל טופס מטלות,192
80-702,"טיפול 300,000  -  לדגם XML6121J-PUB-29",לא כולל טופס מטלות,192
80-703,"טיפול 300,000  -  לדגם XML6121J-24",לא כולל טופס מטלות,216
80-705,"טיפול 300,000  -  לדגם XML6121J-PUB-39",לא כולל טופס מטלות,372
80-706,"טיפול 300,000  -  לדגם XML6121J-41",לא כולל טופס מטלות,342
80-707,"טיפול 300,000  -  לדגם XML6937J-34",לא כולל טופס מטלות,246
80-708,"טיפול 360,000  -  לדגם XML6121J-PUB-23",לא כולל טופס מטלות,354
80-709,"טיפול 360,000  -  לדגם XML6121J-PUB-25",לא כולל טופס מטלות,318
80-713,"טיפול 360,000  -  לדגם XML6121J-PUB-29",לא כולל טופס מטלות,318
80-714,"טיפול 360,000  -  לדגם XML6121J-24",לא כולל טופס מטלות,318
80-716,"טיפול 360,000  -  לדגם XML6121J-PUB-39",לא כולל טופס מטלות,498
80-717,"טיפול 360,000 -  לדגם XML6121J-41",לא כולל טופס מטלות,390
80-718,"טיפול 360,000  -  לדגם XML6937J-34",לא כולל טופס מטלות,258
80-719,"טיפול 420,000  -  לדגם XML6121J-PUB-23",לא כולל טופס מטלות,306
80-720,"טיפול 420,000  -  לדגם XML6121J-PUB-25",לא כולל טופס מטלות,174
80-724,"טיפול 420,000  -  לדגם XML6121J-PUB-29",לא כולל טופס מטלות,192
80-725,"טיפול 420,000  -  לדגם XML6121J-24",לא כולל טופס מטלות,216
80-727,"טיפול 420,000  -  לדגם XML6121J-PUB-39",לא כולל טופס מטלות,372
80-728,"טיפול 420,000  -  לדגם XML6121J-41",לא כולל טופס מטלות,342
80-729,"טיפול 420,000  -  לדגם XML6937J-34",לא כולל טופס מטלות,276
80-730,"טיפול 480,000  -  לדגם XML6121J-PUB-23",לא כולל טופס מטלות,474
80-731,"טיפול 480,000  -  לדגם XML6121J-PUB-25",לא כולל טופס מטלות,438
80-735,"טיפול 480,000  -  לדגם XML6121J-PUB-29",לא כולל טופס מטלות,426
80-736,"טיפול 480,000  -  לדגם XML6121J-24",לא כולל טופס מטלות,408
80-738,"טיפול 480,000  -  לדגם XML6121J-PUB-39",לא כולל טופס מטלות,498
80-739,"טיפול 480,000  -  לדגם XML6121J-41",לא כולל טופס מטלות,420
80-740,"טיפול 480,000  -  לדגם XML6937J-34",לא כולל טופס מטלות,258
80-741,"טיפול 540,000  -  לדגם XML6121J-PUB-23",לא כולל טופס מטלות,354
80-742,"טיפול 540,000  -  לדגם XML6121J-PUB-25",לא כולל טופס מטלות,192
80-746,"טיפול 540,000  -  לדגם XML6121J-PUB-29",לא כולל טופס מטלות,192
80-747,"טיפול 540,000  -  לדגם XML6121J-24",לא כולל טופס מטלות,264
80-749,"טיפול 540,000  -  לדגם XML6121J-PUB-39",לא כולל טופס מטלות,372
80-750,"טיפול 540,000  -  לדגם XML6121J-41",לא כולל טופס מטלות,342
80-751,"טיפול 540,000  -  לדגם XML6937J-34",לא כולל טופס מטלות,462
80-752,"טיפול 600,000  -  לדגם XML6121J-PUB-23",לא כולל טופס מטלות,336
80-753,"טיפול 600,000  -  לדגם XML6121J-PUB-25",לא כולל טופס מטלות,318
80-757,"טיפול 600,000  -  לדגם XML6121J-PUB-29",לא כולל טופס מטלות,318
80-758,"טיפול 600,000  -  לדגם XML6121J-24",לא כולל טופס מטלות,270
80-760,"טיפול 600,000  -  לדגם XML6121J-PUB-39",לא כולל טופס מטלות,468
80-761,"טיפול 600,000  -  לדגם XML6121J-41",לא כולל טופס מטלות,390
80-762,"טיפול 600,000  -  לדגם XML6937J-34",לא כולל טופס מטלות,258
80-763,"טיפול 660,000  -  לדגם XML6121J-PUB-23",לא כולל טופס מטלות,306
80-764,"טיפול 660,000  -  לדגם XML6121J-PUB-25",לא כולל טופס מטלות,192
80-768,"טיפול 660,000  -  לדגם XML6121J-PUB-29",לא כולל טופס מטלות,192
80-769,"טיפול 660,000  -  לדגם XML6121J-24",לא כולל טופס מטלות,216
80-771,"טיפול 660,000  -  לדגם XML6121J-PUB-39",לא כולל טופס מטלות,372
80-772,"טיפול 660,000  -  לדגם XML6121J-41",לא כולל טופס מטלות,342
80-773,"טיפול 660,000  -  לדגם XML6937J-34",לא כולל טופס מטלות,246
80-774,"טיפול 720,000  -  לדגם XML6121J-PUB-23",לא כולל טופס מטלות,522
80-775,"טיפול 720,000  -  לדגם XML6121J-PUB-25",לא כולל טופס מטלות,438
80-779,"טיפול 720,000  -  לדגם XML6121J-PUB-29",לא כולל טופס מטלות,426
80-780,"טיפול 720,000  -  לדגם XML6121J-24",לא כולל טופס מטלות,456
80-782,"טיפול 720,000  -  לדגם XML6121J-PUB-39",לא כולל טופס מטלות,540
80-783,"טיפול 720,000  -  לדגם XML6121J-41",לא כולל טופס מטלות,420
80-784,"טיפול 720,000  -  לדגם XML6937J-34",לא כולל טופס מטלות,288
80-785,"טיפול 780,000  -  לדגם XML6121J-PUB-23",לא כולל טופס מטלות,306
80-786,"טיפול 780,000  -  לדגם XML6121J-PUB-25",לא כולל טופס מטלות,192
80-790,"טיפול 780,000  -  לדגם XML6121J-PUB-29",לא כולל טופס מטלות,192
80-791,"טיפול 780,000  -  לדגם XML6121J-24",לא כולל טופס מטלות,216
80-793,"טיפול 780,000  -  לדגם XML6121J-PUB-39",לא כולל טופס מטלות,372
80-794,"טיפול 780,000  -  לדגם XML6121J-41",לא כולל טופס מטלות,342
80-795,"טיפול 780,000  -  לדגם XML6937J-34",לא כולל טופס מטלות,246
80-796,"טיפול 840,000  -  לדגם XML6121J-PUB-23",לא כולל טופס מטלות,336
80-797,"טיפול 840,000  -  לדגם XML6121J-PUB-25",לא כולל טופס מטלות,318
80-801,"טיפול 840,000  -  לדגם XML6121J-PUB-29",לא כולל טופס מטלות,318
80-802,"טיפול 840,000  -  לדגם XML6121J-24",לא כולל טופס מטלות,270
80-804,"טיפול 840,000  -  לדגם XML6121J-PUB-39",לא כולל טופס מטלות,468
80-805,"טיפול 840,000  -  לדגם XML6121J-41",לא כולל טופס מטלות,390
80-806,"טיפול 840,000  -  לדגם XML6937J-34",לא כולל טופס מטלות,474
80-807,"טיפול 900,000  -  לדגם XML6121J-PUB-23",לא כולל טופס מטלות,354
80-808,"טיפול 900,000  -  לדגם XML6121J-PUB-25",לא כולל טופס מטלות,192
80-812,"טיפול 900,000  -  לדגם XML6121J-PUB-29",לא כולל טופס מטלות,192
80-813,"טיפול 900,000  -  לדגם XML6121J-24",לא כולל טופס מטלות,264
80-815,"טיפול 900,000  -  לדגם XML6121J-PUB-39",לא כולל טופס מטלות,372
80-816,"טיפול 900,000  -  לדגם XML6121J-41",לא כולל טופס מטלות,342
80-817,"טיפול 900,000  -  לדגם XML6937J-34",לא כולל טופס מטלות,246
80-818,"טיפול 960,000  -  לדגם XML6121J-PUB-23",לא כולל טופס מטלות,474
80-819,"טיפול 960,000  -  לדגם XML6121J-PUB-25",לא כולל טופס מטלות,438
80-823,"טיפול 960,000  -  לדגם XML6121J-PUB-29",לא כולל טופס מטלות,426
80-824,"טיפול 960,000  -  לדגם XML6121J-24",לא כולל טופס מטלות,408
80-826,"טיפול 960,000  -  לדגם XML6937J-34",לא כולל טופס מטלות,258
80-827,"טיפול 75,000  -  לדגם XML6121J-PUB-21",לא כולל טופס מטלות,204
80-828,"טיפול 150,000  -  לדגם XML6121J-PUB-21",לא כולל טופס מטלות,246
80-829,"טיפול 225,000  -  לדגם XML6121J-PUB-21",לא כולל טופס מטלות,360
80-830,"טיפול 300,000  -  לדגם XML6121J-PUB-21",לא כולל טופס מטלות,246
80-831,"טיפול 375,000  -  לדגם XML6121J-PUB-21",לא כולל טופס מטלות,234
80-832,"טיפול 450,000  -  לדגם XML6121J-PUB-21",לא כולל טופס מטלות,402
80-833,"טיפול 525,000  -  לדגם XML6121J-PUB-21",לא כולל טופס מטלות,204
80-834,"טיפול 600,000  -  לדגם XML6121J-PUB-21",לא כולל טופס מטלות,246
80-835,"טיפול 675,000  -  לדגם XML6121J-PUB-21",לא כולל טופס מטלות,360
80-836,"טיפול 750,000  -  לדגם XML6121J-PUB-21",לא כולל טופס מטלות,276
80-837,"טיפול 825,000  -  לדגם XML6121J-PUB-21",לא כולל טופס מטלות,204
80-838,"טיפול 900,000  -  לדגם XML6121J-PUB-21",לא כולל טופס מטלות,402
80-839,"טיפול 975,000  -  לדגם XML6121J-PUB-21",לא כולל טופס מטלות,204
80-840,"טיפול 80,000  -  לדגם XML6121J-PUB-22",לא כולל טופס מטלות,258
80-841,"טיפול 160,000  -  לדגם XML6121J-PUB-22",לא כולל טופס מטלות,282
80-842,"טיפול 240,000  -  לדגם XML6121J-PUB-22",לא כולל טופס מטלות,396
80-843,"טיפול 320,000  -  לדגם XML6121J-PUB-22",לא כולל טופס מטלות,282
80-844,"טיפול 400,000  -  לדגם XML6121J-PUB-22",לא כולל טופס מטלות,222
80-845,"טיפול 480,000  -  לדגם XML6121J-PUB-22",לא כולל טופס מטלות,420
80-846,"טיפול 560,000  -  לדגם XML6121J-PUB-22",לא כולל טופס מטלות,258
80-847,"טיפול 640,000  -  לדגם XML6121J-PUB-22",לא כולל טופס מטלות,282
80-848,"טיפול 720,000  -  לדגם XML6121J-PUB-22",לא כולל טופס מטלות,396
80-849,"טיפול 800,000  -  לדגם XML6121J-PUB-22",לא כולל טופס מטלות,282
80-850,"טיפול 880,000  -  לדגם XML6121J-PUB-22",לא כולל טופס מטלות,258
80-851,"טיפול 960,000  -  לדגם XML6121J-PUB-22",לא כולל טופס מטלות,420
80-852,"טיפול 1,040,000  -  לדגם XML6121J-PUB-22",לא כולל טופס מטלות,258
80-853,"טיפול 1,120,000  -  לדגם XML6121J-PUB-22",לא כולל טופס מטלות,282
80-856,"טיפול 30,000  -  לדגם XML6125DEV-38",לא כולל טופס מטלות,1758
80-857,"טיפול 30,000 -  לדגם XML6125CLN-7",לא כולל טופס מטלות,378
80-858,"טיפול 60,000  -  לדגם XML6125DEV-38",לא כולל טופס מטלות,1728
80-859,"טיפול 60,000 -  לדגם XML6125CLN-7",לא כולל טופס מטלות,462
80-860,"טיפול 90,000 -  לדגם XML6125CLN-7",לא כולל טופס מטלות,378
80-861,"טיפול 120,000 -  לדגם XML6125CLN-7",לא כולל טופס מטלות,480
80-862,"טיפול 150,000 -  לדגם XML6125CLN-7",לא כולל טופס מטלות,378
80-863,"טיפול 180,000 -  לדגם XML6125CLN-7",לא כולל טופס מטלות,462
80-864,"טיפול 210,000 -  לדגם XML6125CLN-7",לא כולל טופס מטלות,378
80-865,"טיפול 240,000 -  לדגם XML6125CLN-7",לא כולל טופס מטלות,474
80-866,"טיפול 270,000 -  לדגם XML6125CLN-7",לא כולל טופס מטלות,378
80-867,"טיפול 300,000 -  לדגם XML6125CLN-7",לא כולל טופס מטלות,462
80-868,"טיפול 330,000 -  לדגם XML6125CLN-7",לא כולל טופס מטלות,378
80-869,"טיפול 360,000 -  לדגם XML6125CLN-7",לא כולל טופס מטלות,480
80-870,"טיפול 390,000 -  לדגם XML6125CLN-7",לא כולל טופס מטלות,378
80-871,"טיפול 420,000 -  לדגם XML6125CLN-7",לא כולל טופס מטלות,462
80-872,"טיפול 450,000 -  לדגם XML6125CLN-7",לא כולל טופס מטלות,378
80-873,"טיפול 480,000 -  לדגם XML6125CLN-7",לא כולל טופס מטלות,480
80-874,"טיפול 510,000 -  לדגם XML6125CLN-7",לא כולל טופס מטלות,378
80-875,"טיפול 540,000 -  לדגם XML6125CLN-7",לא כולל טופס מטלות,462
80-876,"טיפול 570,000 -  לדגם XML6125CLN-7",לא כולל טופס מטלות,378
80-877,"טיפול 600,000 -  לדגם XML6125CLN-7",לא כולל טופס מטלות,480
80-878,"טיפול 630,000 -  לדגם XML6125CLN-7",לא כולל טופס מטלות,378
80-879,"טיפול 660,000 -  לדגם XML6125CLN-7",לא כולל טופס מטלות,462
80-880,"טיפול 690,000 -  לדגם XML6125CLN-7",לא כולל טופס מטלות,378
80-881,"טיפול 720,000 -  לדגם XML6125CLN-7",לא כולל טופס מטלות,480
80-882,"טיפול 750,000 -  לדגם XML6125CLN-7",לא כולל טופס מטלות,378
80-883,"טיפול 840,000  -  לדגם XML61255-12",לא כולל טופס מטלות,300
80-884,"טיפול 840,000  -  לדגם XML61255-14",לא כולל טופס מטלות,396
80-885,"טיפול 840,000  -  לדגם XML61255-15",לא כולל טופס מטלות,360
80-886,"טיפול 840,000  -  לדגם XML6185CL-9",לא כולל טופס מטלות,312
80-887,"טיפול 880,000  -  לדגם XML61255-12",לא כולל טופס מטלות,330
80-888,"טיפול 880,000  -  לדגם XML61255-14",לא כולל טופס מטלות,396
80-889,"טיפול 880,000  -  לדגם XML61255-15",לא כולל טופס מטלות,288
80-890,"טיפול 880,000  -  לדגם XML6185CL-9",לא כולל טופס מטלות,318
80-891,"טיפול 920,000  -  לדגם XML61255-14",לא כולל טופס מטלות,288
80-892,"טיפול 920,000  -  לדגם XML61255-15",לא כולל טופס מטלות,228
80-893,"טיפול 920,000  -  לדגם XML6185CL-9",לא כולל טופס מטלות,216
80-894,"טיפול 960,000  -  לדגם XML61255-14",לא כולל טופס מטלות,534
80-895,"טיפול 960,000  -  לדגם XML61255-15",לא כולל טופס מטלות,498
80-896,"טיפול 960,000  -  לדגם XML6185CL-9",לא כולל טופס מטלות,582
80-897,"טיפול 1,000,000  -  לדגם XML61255-14",לא כולל טופס מטלות,288
80-898,"טיפול 1,000,000  -  לדגם XML61255-15",לא כולל טופס מטלות,228
80-899,"טיפול 1,080,000  -  לדגם XML6937J-35",לא כולל טופס מטלות,276
80-900,"טיפול 1,020,000  -  לדגם XML6121J-PUB-23",לא כולל טופס מטלות,306
80-901,"טיפול 1020,000  -  לדגם XML6121J-PUB-25",לא כולל טופס מטלות,192
80-902,"טיפול 1020,000  -  לדגם XML6121J-PUB-29",לא כולל טופס מטלות,192
80-903,"טיפול 1,020,000  -  לדגם XML6121J-24",לא כולל טופס מטלות,216
80-904,"טיפול 1,020,000  -  לדגם XML6937J-34",לא כולל טופס מטלות,276
80-905,"טיפול 1,080,000  -  לדגם XML6121J-PUB-23",לא כולל טופס מטלות,354
80-906,"טיפול 1080,000  -  לדגם XML6121J-PUB-25",לא כולל טופס מטלות,318
80-907,"טיפול 1080,000  -  לדגם XML6121J-PUB-29",לא כולל טופס מטלות,318
80-908,"טיפול 1,080,000  -  לדגם XML6121J-24",לא כולל טופס מטלות,318
80-909,"טיפול 1,140,000  -  לדגם XML6121J-PUB-23",לא כולל טופס מטלות,306
80-910,"טיפול 1140,000  -  לדגם XML6121J-PUB-25",לא כולל טופס מטלות,192
80-911,"טיפול 1140,000  -  לדגם XML6121J-PUB-29",לא כולל טופס מטלות,192
80-912,"טיפול 1,140,000  -  לדגם XML6121J-24",לא כולל טופס מטלות,216
80-913,"טיפול 1,050,000  -  לדגם XML6121J-PUB-21",לא כולל טופס מטלות,246
80-914,"טיפול 80,000  -  לדגם XML6121J-40",לא כולל טופס מטלות,276
80-915,"טיפול 160,000  -  לדגם XML6121J-40",לא כולל טופס מטלות,408
80-916,"טיפול 240,000  -  לדגם XML6121J-40",לא כולל טופס מטלות,276
80-917,"טיפול 320,000  -  לדגם XML6121J-40",לא כולל טופס מטלות,438
80-918,"טיפול 400,000  -  לדגם XML6121J-40",לא כולל טופס מטלות,276
80-919,"טיפול 480,000  -  לדגם XML6121J-40",לא כולל טופס מטלות,408
80-920,"טיפול 560,000  -  לדגם XML6121J-40",לא כולל טופס מטלות,276
80-921,"טיפול 640,000  -  לדגם XML6121J-40",לא כולל טופס מטלות,438
80-922,"טיפול 720,000  -  לדגם XML6121J-40",לא כולל טופס מטלות,276
80-923,"טיפול 800,000  -  לדגם XML6121J-40",לא כולל טופס מטלות,408
80-924,"טיפול 880,000  -  לדגם XML6121J-40",לא כולל טופס מטלות,276
80-925,"טיפול 960,000  -  לדגם XML6121J-40",לא כולל טופס מטלות,438
80-926,החלפת שמן הגה,,18
80-927,כיול מערכת המפרק.,,24
80-928,בדיקת משכך תנודות לגל ארכובה (דמפר).,,12
80-929,החלפת גלילוני בייניים לכל הרצועת,,12
80-930,"בדיקת חופשים, רעשים ונזקים בכל גלילוני הביניים.",,12
80-931,"החלפת משחת סיכה, מחזירי שמן לסרן קדמי + אמצעי + אח",,48
80-932,החלפת משחת סיכה ומחזירי במיסבי גלגלים בסרן אמצעי,,18
80-933,"החלפת משחת סיכה, מחזירי שמן לסרן קדמי + אחורי",,258
80-934,החלפת שמן בסרן אחורי + בטבורים + ניקוי צינורית נשם,,30
80-935,החלפת משחת סיכה+ מחזירי שמן במיסבי גלגלים אחוריים,,138
80-936,החלפת משחת סיכה ומחזירי במיסבי גלגלים בסרן קדמי,,120
80-937,החלפת מסנן נשם בסרן אחורי,,18
80-938,החלפת שמן בסרן אחורי +בדיקה וניקוי נשם.,,30
80-939,פרוק כיסוי טבורים קדמיים בד' וגירוז מסבים והחלפת מ,,30
80-940,החלפת גריז במסבי גלגלים קדמיים  MERITOR.,,12
80-941,החלף מסנני אויר ראשוני ומישני ל- 2 מדחסי האויר.,,24
80-942,החלפת מסנן במצוף במיכל האוריאה.,,12
80-943,בדיקת תקינות מתג משבת מנוע בדלתית מילוי גז.,,12
80-944,שטיפת מערכת אוריאה.,,30
80-945,החלפת רצועה למזגן,,12
80-946,ניקוי לכלוך ורשת מגן ממדחס האוויר (עם לחץ אויר),,6
80-947,החלף מסנן ראשוני יניקת אויר למדחס,,6
80-948,החלפת מסנן דלק מפריד מים.,,12
80-949,החלפת מותח רצועות לאלטרנטור.,,12
80-950,החלפת מסנן למיבש אויר.,,12
80-951,החלפת שמן במיסבי גלגלים קדמיים.,,12
80-952,ביצוע סיכה על פי מפת סיכה.,,12
80-953,החלפת מסנן מזגן בתא נוסעים (סוטראק),,12
80-954,החלפת מותח רצועות למשאבת המים,,12
80-955,"פרוק טבורים אחוריים בד' וגירוז מסבים והחלפת מח""ש.",,12
80-956,החלפת מסנן שמן הגה ללא הח' שמן,,12
80-957,החלף מסנן משני יניקת אויר למדחס,,12
80-958,בדיקת המחבר החשמלי של שעון הלחץ.,,12
80-959,החלפת רצועה למשאבת המים.,,12
80-960,החלפת רצועה לאלטרנטור\מזגן,,12
80-961,אישור בלמים,,15
80-962,אישור פנאומטי,,15
80-963,אישור בדיקת חורף,,15
80-964,החלפת מסנן דלק.,,18
80-965,החלפת מסנן גז ראשי,,18
80-966,החלפת שמן תיבת מניפה זויתית,,18
80-967,החלפת שמן בתיבה זויתית למניפה,,18
80-968,החלפת מסנן אויר חיצוני,,18
80-969,החלפת קיט מסנן אויר – פנימי וחיצוני,,18
80-970,החלפת מסנן מפחית לחץ גז.,,18
80-971,בדיקה וכיול שעון לחץ גז.,,18
80-972,החלפת מסנן לנשם מנוע צנטרפוגלי.,,18
80-973,החלפת נוזל קירור.,,24
80-974,החלפת שמן הגה ומסנן,,24
80-975,החלפת מסנן DPF   (ממוחזר לאחר ניקוי),,30
80-976,טיפול תלת חודשי ללא תלות במד אוץ,,30
80-977,בדיקת תיפקוד ותקינות של ברזי גז במרכזייה,,30
80-978,החלפת שמן ומסנן למניפת קירור הדראולית.,,30
80-979,החלפת מצתים(עב' חופפת עם כוון שסתומים),,30
80-980,בדיקת חורף,,30
80-981,טיפול תשעה חודשים ללא תלות במד אוץ,,30
80-982,החלפת שמן בסרן אחורי.,,30
80-983,טיפול שנתי ללא תלות במד אוץ,,30
80-984,החלפת מסנן גז קווי (לחץ גבוה),,30
80-985,טיפול חצי שנתי ללא תלות במד אוץ,,30
80-986,בדיקת בטיחות מערכת הגז לפני כניסה לעבודה,,30
80-987,"החלפת שמן ומסנן בת""ה",,42
80-988,החלפת שמן ומסנן לתיבת הילוכים VOITH,,42
80-989,ניקוי מאולץ לממיר הקטליטי,,42
80-990,החלפת מסנן אוריאה.,,42
80-991,החלפת נוזל קרור למארזי הסוללות      G40.,,48
80-992,החלפת שמן מנוע ומסנן.,,60
80-993,החלפת 6 גלאי נזילות גז.,,60
80-994,בד' עובי רפידות וצלחות בלימה קד' ואח',,90
80-995,החלפת מצתים.,,108
80-996,כיוון שסתומים + החלפת אטם.,,108